,Unnamed: 0,Unnamed: 0.1,Unnamed: 1,CLIP,Unnamed: 3,Unnamed: 4,Unnamed: 5,Unnamed: 6,ons_item_name,period,category
0,0,0,0,100.0,0,0.0,0.0,0,"apple cider, bottle, 4.5%-5.5% abv",201406.0,310218
1,1,1,1,101.229106994,1,1.0,1.0,1,"apple cider, bottle, 4.5%-5.5% abv",201407.0,310218
2,2,2,2,102.385351994,2,2.0,2.0,2,"apple cider, bottle, 4.5%-5.5% abv",201408.0,310218
3,3,3,3,102.071660378,3,3.0,3.0,3,"apple cider, bottle, 4.5%-5.5% abv",201409.0,310218
4,4,4,4,101.744880317,4,4.0,4.0,4,"apple cider, bottle, 4.5%-5.5% abv",201410.0,310218
5,5,5,5,103.553420351,5,5.0,5.0,5,"apple cider, bottle, 4.5%-5.5% abv",201411.0,310218
6,6,6,6,102.782207722,6,6.0,6.0,6,"apple cider, bottle, 4.5%-5.5% abv",201412.0,310218
7,7,7,7,98.4030273086,7,7.0,7.0,7,"apple cider, bottle, 4.5%-5.5% abv",201501.0,310218
8,8,8,8,100.599793571,8,1.0,1.0,1,"apple cider, bottle, 4.5%-5.5% abv",201502.0,310218
9,9,9,9,99.6771387287,9,2.0,2.0,2,"apple cider, bottle, 4.5%-5.5% abv",201503.0,310218
10,10,10,10,97.9974433513,10,3.0,3.0,3,"apple cider, bottle, 4.5%-5.5% abv",201504.0,310218
11,11,11,11,101.241477645,11,4.0,4.0,4,"apple cider, bottle, 4.5%-5.5% abv",201505.0,310218
12,12,12,12,98.6632911573,12,5.0,5.0,5,"apple cider, bottle, 4.5%-5.5% abv",201506.0,310218
13,13,13,13,100.74560416,13,6.0,6.0,6,"apple cider, bottle, 4.5%-5.5% abv",201507.0,310218
14,14,14,14,98.5435867624,14,7.0,7.0,7,"apple cider, bottle, 4.5%-5.5% abv",201508.0,310218
15,15,15,15,99.2981981492,15,8.0,8.0,8,"apple cider, bottle, 4.5%-5.5% abv",201509.0,310218
16,16,16,16,99.0802801405,16,9.0,9.0,9,"apple cider, bottle, 4.5%-5.5% abv",201510.0,310218
17,17,17,17,99.1198554212,17,10.0,10.0,10,"apple cider, bottle, 4.5%-5.5% abv",201511.0,310218
18,18,18,18,97.6540410245,18,11.0,11.0,11,"apple cider, bottle, 4.5%-5.5% abv",201512.0,310218
19,19,19,19,98.5910229845,19,12.0,12.0,12,"apple cider, bottle, 4.5%-5.5% abv",201601.0,310218
20,20,20,1,99.1927825305,1,,,1,"apple cider, bottle, 4.5%-5.5% abv",201602.0,310218
21,21,21,2,97.473816913,2,,,2,"apple cider, bottle, 4.5%-5.5% abv",201603.0,310218
22,22,22,3,96.8267895271,3,,,3,"apple cider, bottle, 4.5%-5.5% abv",201604.0,310218
23,23,23,4,96.5591054378,4,,,4,"apple cider, bottle, 4.5%-5.5% abv",201605.0,310218
24,24,24,5,94.5561981231,5,,,5,"apple cider, bottle, 4.5%-5.5% abv",201606.0,310218
25,25,25,6,95.4699493008,6,,,6,"apple cider, bottle, 4.5%-5.5% abv",201607.0,310218
26,26,26,7,95.1600445218,7,,,7,"apple cider, bottle, 4.5%-5.5% abv",201608.0,310218
27,27,27,8,94.1110639336,8,,,8,"apple cider, bottle, 4.5%-5.5% abv",201610.0,310218
28,28,28,9,93.927348113,9,,,9,"apple cider, bottle, 4.5%-5.5% abv",201611.0,310218
29,29,0,20,100.0,0,8.0,8.0,0,"apples, dessert, per kg",201406.0,212717
30,30,1,21,101.277341763,1,9.0,9.0,1,"apples, dessert, per kg",201407.0,212717
31,31,2,22,100.758379471,2,10.0,10.0,2,"apples, dessert, per kg",201408.0,212717
32,32,3,23,98.4946995742,3,11.0,11.0,3,"apples, dessert, per kg",201409.0,212717
33,33,4,24,98.8979742239,4,12.0,12.0,4,"apples, dessert, per kg",201410.0,212717
34,34,5,25,100.139697114,5,13.0,13.0,5,"apples, dessert, per kg",201411.0,212717
35,35,6,26,100.139697114,6,14.0,14.0,6,"apples, dessert, per kg",201412.0,212717
36,36,7,27,100.149017191,7,15.0,15.0,7,"apples, dessert, per kg",201501.0,212717
37,37,8,28,100.387352905,8,14.0,14.0,1,"apples, dessert, per kg",201502.0,212717
38,38,9,29,101.108951154,9,15.0,15.0,2,"apples, dessert, per kg",201503.0,212717
39,39,10,30,102.572263402,10,16.0,16.0,3,"apples, dessert, per kg",201504.0,212717
40,40,11,31,104.47218573,11,17.0,17.0,4,"apples, dessert, per kg",201505.0,212717
41,41,12,32,104.522127483,12,18.0,18.0,5,"apples, dessert, per kg",201506.0,212717
42,42,13,33,105.247922024,13,19.0,19.0,6,"apples, dessert, per kg",201507.0,212717
43,43,14,34,105.190165442,14,20.0,20.0,7,"apples, dessert, per kg",201508.0,212717
44,44,15,35,104.809213209,15,21.0,21.0,8,"apples, dessert, per kg",201509.0,212717
45,45,16,36,98.2599200218,16,22.0,22.0,9,"apples, dessert, per kg",201510.0,212717
46,46,17,37,99.493967144,17,23.0,23.0,10,"apples, dessert, per kg",201511.0,212717
47,47,18,38,100.232604277,18,24.0,24.0,11,"apples, dessert, per kg",201512.0,212717
48,48,19,39,102.170352206,19,25.0,25.0,12,"apples, dessert, per kg",201601.0,212717
49,49,20,11,104.226422151,11,,,1,"apples, dessert, per kg",201602.0,212717
50,50,21,12,108.405383974,12,,,2,"apples, dessert, per kg",201603.0,212717
51,51,22,13,104.233254465,13,,,3,"apples, dessert, per kg",201604.0,212717
52,52,23,14,86.561016169,14,,,4,"apples, dessert, per kg",201605.0,212717
53,53,24,15,98.237657237,15,,,5,"apples, dessert, per kg",201606.0,212717
54,54,25,16,97.8528113316,16,,,6,"apples, dessert, per kg",201607.0,212717
55,55,26,17,97.3844909227,17,,,7,"apples, dessert, per kg",201608.0,212717
56,56,27,18,114.099574922,18,,,8,"apples, dessert, per kg",201610.0,212717
57,57,28,19,112.176962695,19,,,9,"apples, dessert, per kg",201611.0,212717
58,58,0,40,100.0,0,16.0,16.0,0,"bananas, per kg",201406.0,212719
59,59,1,41,108.868014181,1,17.0,17.0,1,"bananas, per kg",201407.0,212719
60,60,2,42,108.868014181,2,18.0,18.0,2,"bananas, per kg",201408.0,212719
61,61,3,43,108.868014181,3,19.0,19.0,3,"bananas, per kg",201409.0,212719
62,62,4,44,98.9894174725,4,20.0,20.0,4,"bananas, per kg",201410.0,212719
63,63,5,45,98.5117835783,5,21.0,21.0,5,"bananas, per kg",201411.0,212719
64,64,6,46,98.5117835783,6,22.0,22.0,6,"bananas, per kg",201412.0,212719
65,65,7,47,98.5117835783,7,23.0,23.0,7,"bananas, per kg",201501.0,212719
66,66,8,48,94.5968629397,8,27.0,27.0,1,"bananas, per kg",201502.0,212719
67,67,9,49,93.9596722266,9,28.0,28.0,2,"bananas, per kg",201503.0,212719
68,68,10,50,93.9596722266,10,29.0,29.0,3,"bananas, per kg",201504.0,212719
69,69,11,51,93.9596722266,11,30.0,30.0,4,"bananas, per kg",201505.0,212719
70,70,12,52,93.9596722266,12,31.0,31.0,5,"bananas, per kg",201506.0,212719
71,71,13,53,93.9596722266,13,32.0,32.0,6,"bananas, per kg",201507.0,212719
72,72,14,54,93.9596722266,14,33.0,33.0,7,"bananas, per kg",201508.0,212719
73,73,15,55,93.9596722266,15,34.0,34.0,8,"bananas, per kg",201509.0,212719
74,74,16,56,92.48953516,16,35.0,35.0,9,"bananas, per kg",201510.0,212719
75,75,17,57,93.9596722266,17,36.0,36.0,10,"bananas, per kg",201511.0,212719
76,76,18,58,93.9596722266,18,37.0,37.0,11,"bananas, per kg",201512.0,212719
77,77,19,59,93.9596722266,19,38.0,38.0,12,"bananas, per kg",201601.0,212719
78,78,20,21,93.9596722266,21,,,1,"bananas, per kg",201602.0,212719
79,79,21,22,93.9596722266,22,,,2,"bananas, per kg",201603.0,212719
80,80,22,23,93.7173902889,23,,,3,"bananas, per kg",201604.0,212719
81,81,23,24,93.6650872033,24,,,4,"bananas, per kg",201605.0,212719
82,82,24,25,93.9596722266,25,,,5,"bananas, per kg",201606.0,212719
83,83,25,26,93.9596722266,26,,,6,"bananas, per kg",201607.0,212719
84,84,26,27,93.9596722266,27,,,7,"bananas, per kg",201608.0,212719
85,85,27,28,93.9596722266,28,,,8,"bananas, per kg",201610.0,212719
86,86,28,29,93.9596722266,29,,,9,"bananas, per kg",201611.0,212719
87,87,0,60,100.0,0,24.0,24.0,0,"bitter, 4 cans, 3.4%-7.5% abv",201406.0,310207
88,88,1,61,100.227569806,1,25.0,25.0,1,"bitter, 4 cans, 3.4%-7.5% abv",201407.0,310207
89,89,2,62,99.9209285854,2,26.0,26.0,2,"bitter, 4 cans, 3.4%-7.5% abv",201408.0,310207
90,90,3,63,100.170542372,3,27.0,27.0,3,"bitter, 4 cans, 3.4%-7.5% abv",201409.0,310207
91,91,4,64,99.6090179776,4,28.0,28.0,4,"bitter, 4 cans, 3.4%-7.5% abv",201410.0,310207
92,92,5,65,97.7774603616,5,29.0,29.0,5,"bitter, 4 cans, 3.4%-7.5% abv",201411.0,310207
93,93,6,66,97.6241080153,6,30.0,30.0,6,"bitter, 4 cans, 3.4%-7.5% abv",201412.0,310207
94,94,7,67,96.9616846996,7,31.0,31.0,7,"bitter, 4 cans, 3.4%-7.5% abv",201501.0,310207
95,95,8,68,100.605860425,8,40.0,40.0,1,"bitter, 4 cans, 3.4%-7.5% abv",201502.0,310207
96,96,9,69,96.2353550031,9,41.0,41.0,2,"bitter, 4 cans, 3.4%-7.5% abv",201503.0,310207
97,97,10,70,93.1968436625,10,42.0,42.0,3,"bitter, 4 cans, 3.4%-7.5% abv",201504.0,310207
98,98,11,71,95.4728001756,11,43.0,43.0,4,"bitter, 4 cans, 3.4%-7.5% abv",201505.0,310207
99,99,12,72,98.3740127696,12,44.0,44.0,5,"bitter, 4 cans, 3.4%-7.5% abv",201506.0,310207
100,100,13,73,97.4417536106,13,45.0,45.0,6,"bitter, 4 cans, 3.4%-7.5% abv",201507.0,310207
101,101,14,74,98.6123250747,14,46.0,46.0,7,"bitter, 4 cans, 3.4%-7.5% abv",201508.0,310207
102,102,15,75,100.494917494,15,47.0,47.0,8,"bitter, 4 cans, 3.4%-7.5% abv",201509.0,310207
103,103,16,76,103.536315419,16,48.0,48.0,9,"bitter, 4 cans, 3.4%-7.5% abv",201510.0,310207
104,104,17,77,95.4643223246,17,49.0,49.0,10,"bitter, 4 cans, 3.4%-7.5% abv",201511.0,310207
105,105,18,78,95.451510401,18,50.0,50.0,11,"bitter, 4 cans, 3.4%-7.5% abv",201512.0,310207
106,106,19,79,94.8601066505,19,51.0,51.0,12,"bitter, 4 cans, 3.4%-7.5% abv",201601.0,310207
107,107,20,31,95.2556500079,31,,,1,"bitter, 4 cans, 3.4%-7.5% abv",201602.0,310207
108,108,21,32,76.9519367969,32,,,2,"bitter, 4 cans, 3.4%-7.5% abv",201603.0,310207
109,109,22,33,94.5138538972,33,,,3,"bitter, 4 cans, 3.4%-7.5% abv",201604.0,310207
110,110,23,34,81.3064405244,34,,,4,"bitter, 4 cans, 3.4%-7.5% abv",201605.0,310207
111,111,24,35,82.0493222716,35,,,5,"bitter, 4 cans, 3.4%-7.5% abv",201606.0,310207
112,112,25,36,94.5908250875,36,,,6,"bitter, 4 cans, 3.4%-7.5% abv",201607.0,310207
113,113,26,37,94.3189122431,37,,,7,"bitter, 4 cans, 3.4%-7.5% abv",201608.0,310207
114,114,27,38,106.426487577,38,,,8,"bitter, 4 cans, 3.4%-7.5% abv",201610.0,310207
115,115,28,39,101.936490239,39,,,9,"bitter, 4 cans, 3.4%-7.5% abv",201611.0,310207
116,116,0,80,100.0,0,32.0,32.0,0,"brandy, bottle",201406.0,310405
117,117,1,81,102.345078136,1,33.0,33.0,1,"brandy, bottle",201407.0,310405
118,118,2,82,102.257326171,2,34.0,34.0,2,"brandy, bottle",201408.0,310405
119,119,3,83,101.129534434,3,35.0,35.0,3,"brandy, bottle",201409.0,310405
120,120,4,84,99.6514750818,4,36.0,36.0,4,"brandy, bottle",201410.0,310405
121,121,5,85,96.5046433549,5,37.0,37.0,5,"brandy, bottle",201411.0,310405
122,122,6,86,95.9128217086,6,38.0,38.0,6,"brandy, bottle",201412.0,310405
123,123,7,87,98.7232482253,7,39.0,39.0,7,"brandy, bottle",201501.0,310405
124,124,8,88,98.537605144,8,53.0,53.0,1,"brandy, bottle",201502.0,310405
125,125,9,89,99.0630272055,9,54.0,54.0,2,"brandy, bottle",201503.0,310405
126,126,10,90,98.7017960895,10,55.0,55.0,3,"brandy, bottle",201504.0,310405
127,127,11,91,102.34962748,11,56.0,56.0,4,"brandy, bottle",201505.0,310405
128,128,12,92,103.805914144,12,57.0,57.0,5,"brandy, bottle",201506.0,310405
129,129,13,93,114.033239551,13,58.0,58.0,6,"brandy, bottle",201507.0,310405
130,130,14,94,112.429942019,14,59.0,59.0,7,"brandy, bottle",201508.0,310405
131,131,15,95,112.728435808,15,60.0,60.0,8,"brandy, bottle",201509.0,310405
132,132,16,96,104.228522178,16,61.0,61.0,9,"brandy, bottle",201510.0,310405
133,133,17,97,101.667033113,17,62.0,62.0,10,"brandy, bottle",201511.0,310405
134,134,18,98,98.9176952361,18,63.0,63.0,11,"brandy, bottle",201512.0,310405
135,135,19,99,108.448159525,19,64.0,64.0,12,"brandy, bottle",201601.0,310405
136,136,20,41,99.4223317688,41,,,1,"brandy, bottle",201602.0,310405
137,137,21,42,91.8141678234,42,,,2,"brandy, bottle",201603.0,310405
138,138,22,43,109.644451396,43,,,3,"brandy, bottle",201604.0,310405
139,139,23,44,110.018277183,44,,,4,"brandy, bottle",201605.0,310405
140,140,24,45,107.148764446,45,,,5,"brandy, bottle",201606.0,310405
141,141,25,46,107.638062052,46,,,6,"brandy, bottle",201607.0,310405
142,142,26,47,105.46448597,47,,,7,"brandy, bottle",201608.0,310405
143,143,27,48,108.634320472,48,,,8,"brandy, bottle",201610.0,310405
144,144,28,49,107.515525871,49,,,9,"brandy, bottle",201611.0,310405
145,145,0,100,100.0,0,40.0,40.0,0,"breakfast cereal 1, sugar/chocolate coated",201406.0,210213
146,146,1,101,100.155346785,1,41.0,41.0,1,"breakfast cereal 1, sugar/chocolate coated",201407.0,210213
147,147,2,102,99.317651232,2,42.0,42.0,2,"breakfast cereal 1, sugar/chocolate coated",201408.0,210213
148,148,3,103,100.088656071,3,43.0,43.0,3,"breakfast cereal 1, sugar/chocolate coated",201409.0,210213
149,149,4,104,100.825035367,4,44.0,44.0,4,"breakfast cereal 1, sugar/chocolate coated",201410.0,210213
150,150,5,105,103.468582256,5,45.0,45.0,5,"breakfast cereal 1, sugar/chocolate coated",201411.0,210213
151,151,6,106,103.049782558,6,46.0,46.0,6,"breakfast cereal 1, sugar/chocolate coated",201412.0,210213
152,152,7,107,102.580905253,7,47.0,47.0,7,"breakfast cereal 1, sugar/chocolate coated",201501.0,210213
153,153,8,108,100.937748399,8,66.0,66.0,1,"breakfast cereal 1, sugar/chocolate coated",201502.0,210213
154,154,9,109,100.163553302,9,67.0,67.0,2,"breakfast cereal 1, sugar/chocolate coated",201503.0,210213
155,155,10,110,102.525767786,10,68.0,68.0,3,"breakfast cereal 1, sugar/chocolate coated",201504.0,210213
156,156,11,111,101.798681747,11,69.0,69.0,4,"breakfast cereal 1, sugar/chocolate coated",201505.0,210213
157,157,12,112,101.494718678,12,70.0,70.0,5,"breakfast cereal 1, sugar/chocolate coated",201506.0,210213
158,158,13,113,100.076075516,13,71.0,71.0,6,"breakfast cereal 1, sugar/chocolate coated",201507.0,210213
159,159,14,114,98.0741636296,14,72.0,72.0,7,"breakfast cereal 1, sugar/chocolate coated",201508.0,210213
160,160,15,115,100.259697067,15,73.0,73.0,8,"breakfast cereal 1, sugar/chocolate coated",201509.0,210213
161,161,16,116,97.445395027,16,74.0,74.0,9,"breakfast cereal 1, sugar/chocolate coated",201510.0,210213
162,162,17,117,100.254615189,17,75.0,75.0,10,"breakfast cereal 1, sugar/chocolate coated",201511.0,210213
163,163,18,118,102.122387207,18,76.0,76.0,11,"breakfast cereal 1, sugar/chocolate coated",201512.0,210213
164,164,19,119,96.6792301461,19,77.0,77.0,12,"breakfast cereal 1, sugar/chocolate coated",201601.0,210213
165,165,20,51,102.807485903,51,,,1,"breakfast cereal 1, sugar/chocolate coated",201602.0,210213
166,166,21,52,100.493788537,52,,,2,"breakfast cereal 1, sugar/chocolate coated",201603.0,210213
167,167,22,53,96.9728936832,53,,,3,"breakfast cereal 1, sugar/chocolate coated",201604.0,210213
168,168,23,54,97.482066041,54,,,4,"breakfast cereal 1, sugar/chocolate coated",201605.0,210213
169,169,24,55,95.6753261437,55,,,5,"breakfast cereal 1, sugar/chocolate coated",201606.0,210213
170,170,25,56,93.6318764003,56,,,6,"breakfast cereal 1, sugar/chocolate coated",201607.0,210213
171,171,26,57,94.8047847575,57,,,7,"breakfast cereal 1, sugar/chocolate coated",201608.0,210213
172,172,27,58,100.189283014,58,,,8,"breakfast cereal 1, sugar/chocolate coated",201610.0,210213
173,173,28,59,100.59906335,59,,,9,"breakfast cereal 1, sugar/chocolate coated",201611.0,210213
174,174,0,120,100.0,0,48.0,48.0,0,"breakfast cereal 2, not sugar/chocolate coated",201406.0,210214
175,175,1,121,99.4156626583,1,49.0,49.0,1,"breakfast cereal 2, not sugar/chocolate coated",201407.0,210214
176,176,2,122,99.311445283,2,50.0,50.0,2,"breakfast cereal 2, not sugar/chocolate coated",201408.0,210214
177,177,3,123,97.5063792305,3,51.0,51.0,3,"breakfast cereal 2, not sugar/chocolate coated",201409.0,210214
178,178,4,124,98.3146158676,4,52.0,52.0,4,"breakfast cereal 2, not sugar/chocolate coated",201410.0,210214
179,179,5,125,101.261861987,5,53.0,53.0,5,"breakfast cereal 2, not sugar/chocolate coated",201411.0,210214
180,180,6,126,99.670350314,6,54.0,54.0,6,"breakfast cereal 2, not sugar/chocolate coated",201412.0,210214
181,181,7,127,99.6823691352,7,55.0,55.0,7,"breakfast cereal 2, not sugar/chocolate coated",201501.0,210214
182,182,8,128,100.803921538,8,79.0,79.0,1,"breakfast cereal 2, not sugar/chocolate coated",201502.0,210214
183,183,9,129,99.5039319502,9,80.0,80.0,2,"breakfast cereal 2, not sugar/chocolate coated",201503.0,210214
184,184,10,130,100.141684761,10,81.0,81.0,3,"breakfast cereal 2, not sugar/chocolate coated",201504.0,210214
185,185,11,131,99.1112600994,11,82.0,82.0,4,"breakfast cereal 2, not sugar/chocolate coated",201505.0,210214
186,186,12,132,99.4544616383,12,83.0,83.0,5,"breakfast cereal 2, not sugar/chocolate coated",201506.0,210214
187,187,13,133,96.131570022,13,84.0,84.0,6,"breakfast cereal 2, not sugar/chocolate coated",201507.0,210214
188,188,14,134,99.2229773307,14,85.0,85.0,7,"breakfast cereal 2, not sugar/chocolate coated",201508.0,210214
189,189,15,135,92.6588225514,15,86.0,86.0,8,"breakfast cereal 2, not sugar/chocolate coated",201509.0,210214
190,190,16,136,98.6962360936,16,87.0,87.0,9,"breakfast cereal 2, not sugar/chocolate coated",201510.0,210214
191,191,17,137,96.971475699,17,88.0,88.0,10,"breakfast cereal 2, not sugar/chocolate coated",201511.0,210214
192,192,18,138,101.665487244,18,89.0,89.0,11,"breakfast cereal 2, not sugar/chocolate coated",201512.0,210214
193,193,19,139,97.1149695735,19,90.0,90.0,12,"breakfast cereal 2, not sugar/chocolate coated",201601.0,210214
194,194,20,61,102.878698604,61,,,1,"breakfast cereal 2, not sugar/chocolate coated",201602.0,210214
195,195,21,62,107.187601242,62,,,2,"breakfast cereal 2, not sugar/chocolate coated",201603.0,210214
196,196,22,63,103.885240067,63,,,3,"breakfast cereal 2, not sugar/chocolate coated",201604.0,210214
197,197,23,64,106.600071822,64,,,4,"breakfast cereal 2, not sugar/chocolate coated",201605.0,210214
198,198,24,65,102.314417112,65,,,5,"breakfast cereal 2, not sugar/chocolate coated",201606.0,210214
199,199,25,66,99.9458389566,66,,,6,"breakfast cereal 2, not sugar/chocolate coated",201607.0,210214
200,200,26,67,100.747651638,67,,,7,"breakfast cereal 2, not sugar/chocolate coated",201608.0,210214
201,201,27,68,86.0882510037,68,,,8,"breakfast cereal 2, not sugar/chocolate coated",201610.0,210214
202,202,28,69,90.4136231776,69,,,9,"breakfast cereal 2, not sugar/chocolate coated",201611.0,210214
203,203,0,140,100.0,0,56.0,56.0,0,"cheese cheddar, home produced, per kg",201406.0,211501
204,204,1,141,102.301275059,1,57.0,57.0,1,"cheese cheddar, home produced, per kg",201407.0,211501
205,205,2,142,103.25149389,2,58.0,58.0,2,"cheese cheddar, home produced, per kg",201408.0,211501
206,206,3,143,103.01696171,3,59.0,59.0,3,"cheese cheddar, home produced, per kg",201409.0,211501
207,207,4,144,99.7883362225,4,60.0,60.0,4,"cheese cheddar, home produced, per kg",201410.0,211501
208,208,5,145,102.051008054,5,61.0,61.0,5,"cheese cheddar, home produced, per kg",201411.0,211501
209,209,6,146,100.828509896,6,62.0,62.0,6,"cheese cheddar, home produced, per kg",201412.0,211501
210,210,7,147,100.847670891,7,63.0,63.0,7,"cheese cheddar, home produced, per kg",201501.0,211501
211,211,8,148,98.9097615629,8,92.0,92.0,1,"cheese cheddar, home produced, per kg",201502.0,211501
212,212,9,149,100.43213459,9,93.0,93.0,2,"cheese cheddar, home produced, per kg",201503.0,211501
213,213,10,150,99.5391742406,10,94.0,94.0,3,"cheese cheddar, home produced, per kg",201504.0,211501
214,214,11,151,99.2400680335,11,95.0,95.0,4,"cheese cheddar, home produced, per kg",201505.0,211501
215,215,12,152,99.3115066817,12,96.0,96.0,5,"cheese cheddar, home produced, per kg",201506.0,211501
216,216,13,153,98.9058471874,13,97.0,97.0,6,"cheese cheddar, home produced, per kg",201507.0,211501
217,217,14,154,98.3357546774,14,98.0,98.0,7,"cheese cheddar, home produced, per kg",201508.0,211501
218,218,15,155,96.509515225,15,99.0,99.0,8,"cheese cheddar, home produced, per kg",201509.0,211501
219,219,16,156,96.2841903157,16,100.0,100.0,9,"cheese cheddar, home produced, per kg",201510.0,211501
220,220,17,157,92.9454187332,17,101.0,101.0,10,"cheese cheddar, home produced, per kg",201511.0,211501
221,221,18,158,90.302918794,18,102.0,102.0,11,"cheese cheddar, home produced, per kg",201512.0,211501
222,222,19,159,89.5003174366,19,103.0,103.0,12,"cheese cheddar, home produced, per kg",201601.0,211501
223,223,20,71,85.6393907319,71,,,1,"cheese cheddar, home produced, per kg",201602.0,211501
224,224,21,72,86.4979777433,72,,,2,"cheese cheddar, home produced, per kg",201603.0,211501
225,225,22,73,91.4659484236,73,,,3,"cheese cheddar, home produced, per kg",201604.0,211501
226,226,23,74,85.4552014657,74,,,4,"cheese cheddar, home produced, per kg",201605.0,211501
227,227,24,75,84.9877347074,75,,,5,"cheese cheddar, home produced, per kg",201606.0,211501
228,228,25,76,88.254111554,76,,,6,"cheese cheddar, home produced, per kg",201607.0,211501
229,229,26,77,86.7875999364,77,,,7,"cheese cheddar, home produced, per kg",201608.0,211501
230,230,27,78,80.7773017831,78,,,8,"cheese cheddar, home produced, per kg",201610.0,211501
231,231,28,79,82.0432735733,79,,,9,"cheese cheddar, home produced, per kg",201611.0,211501
232,232,0,160,100.0,0,64.0,64.0,0,"cola flavoured drink, bottle",201406.0,212011
233,233,1,161,99.8324043455,1,65.0,65.0,1,"cola flavoured drink, bottle",201407.0,212011
234,234,2,162,97.2501991027,2,66.0,66.0,2,"cola flavoured drink, bottle",201408.0,212011
235,235,3,163,97.0493781051,3,67.0,67.0,3,"cola flavoured drink, bottle",201409.0,212011
236,236,4,164,93.5718192796,4,68.0,68.0,4,"cola flavoured drink, bottle",201410.0,212011
237,237,5,165,95.0911270664,5,69.0,69.0,5,"cola flavoured drink, bottle",201411.0,212011
238,238,6,166,95.4854382556,6,70.0,70.0,6,"cola flavoured drink, bottle",201412.0,212011
239,239,7,167,92.8739749281,7,71.0,71.0,7,"cola flavoured drink, bottle",201501.0,212011
240,240,8,168,88.356191395,8,105.0,105.0,1,"cola flavoured drink, bottle",201502.0,212011
241,241,9,169,97.2505147196,9,106.0,106.0,2,"cola flavoured drink, bottle",201503.0,212011
242,242,10,170,104.418029265,10,107.0,107.0,3,"cola flavoured drink, bottle",201504.0,212011
243,243,11,171,106.051651136,11,108.0,108.0,4,"cola flavoured drink, bottle",201505.0,212011
244,244,12,172,103.529468596,12,109.0,109.0,5,"cola flavoured drink, bottle",201506.0,212011
245,245,13,173,102.232819714,13,110.0,110.0,6,"cola flavoured drink, bottle",201507.0,212011
246,246,14,174,100.659608529,14,111.0,111.0,7,"cola flavoured drink, bottle",201508.0,212011
247,247,15,175,91.1255655539,15,112.0,112.0,8,"cola flavoured drink, bottle",201509.0,212011
248,248,16,176,91.8079302546,16,113.0,113.0,9,"cola flavoured drink, bottle",201510.0,212011
249,249,17,177,93.6542376618,17,114.0,114.0,10,"cola flavoured drink, bottle",201511.0,212011
250,250,18,178,93.1881878789,18,115.0,115.0,11,"cola flavoured drink, bottle",201512.0,212011
251,251,19,179,93.5267598898,19,116.0,116.0,12,"cola flavoured drink, bottle",201601.0,212011
252,252,20,81,96.3244855627,81,,,1,"cola flavoured drink, bottle",201602.0,212011
253,253,21,82,93.1280410217,82,,,2,"cola flavoured drink, bottle",201603.0,212011
254,254,22,83,88.8171953983,83,,,3,"cola flavoured drink, bottle",201604.0,212011
255,255,23,84,92.0554436503,84,,,4,"cola flavoured drink, bottle",201605.0,212011
256,256,24,85,83.518791473,85,,,5,"cola flavoured drink, bottle",201606.0,212011
257,257,25,86,87.1366378318,86,,,6,"cola flavoured drink, bottle",201607.0,212011
258,258,26,87,85.6422002804,87,,,7,"cola flavoured drink, bottle",201608.0,212011
259,259,27,88,84.8767518066,88,,,8,"cola flavoured drink, bottle",201610.0,212011
260,260,28,89,83.730004296,89,,,9,"cola flavoured drink, bottle",201611.0,212011
261,261,0,180,100.0,0,72.0,72.0,0,"dry spaghetti or pasta, 500g",201406.0,210204
262,262,1,181,102.194589082,1,73.0,73.0,1,"dry spaghetti or pasta, 500g",201407.0,210204
263,263,2,182,109.678528093,2,74.0,74.0,2,"dry spaghetti or pasta, 500g",201408.0,210204
264,264,3,183,107.223891162,3,75.0,75.0,3,"dry spaghetti or pasta, 500g",201409.0,210204
265,265,4,184,100.124540306,4,76.0,76.0,4,"dry spaghetti or pasta, 500g",201410.0,210204
266,266,5,185,101.392212844,5,77.0,77.0,5,"dry spaghetti or pasta, 500g",201411.0,210204
267,267,6,186,97.3500809974,6,78.0,78.0,6,"dry spaghetti or pasta, 500g",201412.0,210204
268,268,7,187,92.0962160806,7,79.0,79.0,7,"dry spaghetti or pasta, 500g",201501.0,210204
269,269,8,188,95.9523385268,8,118.0,118.0,1,"dry spaghetti or pasta, 500g",201502.0,210204
270,270,9,189,98.5139846403,9,119.0,119.0,2,"dry spaghetti or pasta, 500g",201503.0,210204
271,271,10,190,97.1603496451,10,120.0,120.0,3,"dry spaghetti or pasta, 500g",201504.0,210204
272,272,11,191,98.6968827698,11,121.0,121.0,4,"dry spaghetti or pasta, 500g",201505.0,210204
273,273,12,192,97.9638527853,12,122.0,122.0,5,"dry spaghetti or pasta, 500g",201506.0,210204
274,274,13,193,96.3563757397,13,123.0,123.0,6,"dry spaghetti or pasta, 500g",201507.0,210204
275,275,14,194,100.443893861,14,124.0,124.0,7,"dry spaghetti or pasta, 500g",201508.0,210204
276,276,15,195,97.0494408211,15,125.0,125.0,8,"dry spaghetti or pasta, 500g",201509.0,210204
277,277,16,196,94.3066121434,16,126.0,126.0,9,"dry spaghetti or pasta, 500g",201510.0,210204
278,278,17,197,95.003511586,17,127.0,127.0,10,"dry spaghetti or pasta, 500g",201511.0,210204
279,279,18,198,100.120903997,18,128.0,128.0,11,"dry spaghetti or pasta, 500g",201512.0,210204
280,280,19,199,102.200521696,19,129.0,129.0,12,"dry spaghetti or pasta, 500g",201601.0,210204
281,281,20,91,109.336992089,91,,,1,"dry spaghetti or pasta, 500g",201602.0,210204
282,282,21,92,105.750339944,92,,,2,"dry spaghetti or pasta, 500g",201603.0,210204
283,283,22,93,103.633879942,93,,,3,"dry spaghetti or pasta, 500g",201604.0,210204
284,284,23,94,110.249749076,94,,,4,"dry spaghetti or pasta, 500g",201605.0,210204
285,285,24,95,112.270726556,95,,,5,"dry spaghetti or pasta, 500g",201606.0,210204
286,286,25,96,112.350754221,96,,,6,"dry spaghetti or pasta, 500g",201607.0,210204
287,287,26,97,110.094888932,97,,,7,"dry spaghetti or pasta, 500g",201608.0,210204
288,288,27,98,105.822622439,98,,,8,"dry spaghetti or pasta, 500g",201610.0,210204
289,289,28,99,103.520801878,99,,,9,"dry spaghetti or pasta, 500g",201611.0,210204
290,290,0,200,100.0,0,80.0,80.0,0,"fresh veg, onions, per kg",201406.0,212519
291,291,1,201,100.804288007,1,81.0,81.0,1,"fresh veg, onions, per kg",201407.0,212519
292,292,2,202,99.7219859597,2,82.0,82.0,2,"fresh veg, onions, per kg",201408.0,212519
293,293,3,203,98.404033617,3,83.0,83.0,3,"fresh veg, onions, per kg",201409.0,212519
294,294,4,204,98.7686551008,4,84.0,84.0,4,"fresh veg, onions, per kg",201410.0,212519
295,295,5,205,100.549636391,5,85.0,85.0,5,"fresh veg, onions, per kg",201411.0,212519
296,296,6,206,101.020202945,6,86.0,86.0,6,"fresh veg, onions, per kg",201412.0,212519
297,297,7,207,101.379203748,7,87.0,87.0,7,"fresh veg, onions, per kg",201501.0,212519
298,298,8,208,99.7768637111,8,131.0,131.0,1,"fresh veg, onions, per kg",201502.0,212519
299,299,9,209,98.9203792084,9,132.0,132.0,2,"fresh veg, onions, per kg",201503.0,212519
300,300,10,210,99.1831459874,10,133.0,133.0,3,"fresh veg, onions, per kg",201504.0,212519
301,301,11,211,99.3737951454,11,134.0,134.0,4,"fresh veg, onions, per kg",201505.0,212519
302,302,12,212,98.4711215176,12,135.0,135.0,5,"fresh veg, onions, per kg",201506.0,212519
303,303,13,213,99.8411562096,13,136.0,136.0,6,"fresh veg, onions, per kg",201507.0,212519
304,304,14,214,99.2829541321,14,137.0,137.0,7,"fresh veg, onions, per kg",201508.0,212519
305,305,15,215,99.4846551677,15,138.0,138.0,8,"fresh veg, onions, per kg",201509.0,212519
306,306,16,216,99.6476917477,16,139.0,139.0,9,"fresh veg, onions, per kg",201510.0,212519
307,307,17,217,97.9955636875,17,140.0,140.0,10,"fresh veg, onions, per kg",201511.0,212519
308,308,18,218,97.1206702853,18,141.0,141.0,11,"fresh veg, onions, per kg",201512.0,212519
309,309,19,219,97.2917751709,19,142.0,142.0,12,"fresh veg, onions, per kg",201601.0,212519
310,310,20,101,97.0352557909,101,,,1,"fresh veg, onions, per kg",201602.0,212519
311,311,21,102,95.0823363778,102,,,2,"fresh veg, onions, per kg",201603.0,212519
312,312,22,103,91.2524706378,103,,,3,"fresh veg, onions, per kg",201604.0,212519
313,313,23,104,91.477665694,104,,,4,"fresh veg, onions, per kg",201605.0,212519
314,314,24,105,92.6313512587,105,,,5,"fresh veg, onions, per kg",201606.0,212519
315,315,25,106,95.8279276135,106,,,6,"fresh veg, onions, per kg",201607.0,212519
316,316,26,107,95.6827597392,107,,,7,"fresh veg, onions, per kg",201608.0,212519
317,317,27,108,91.6564995122,108,,,8,"fresh veg, onions, per kg",201610.0,212519
318,318,28,109,91.6564995122,109,,,9,"fresh veg, onions, per kg",201611.0,212519
319,319,0,220,100.0,0,88.0,88.0,0,"fresh veg, tomatoes, per kg",201406.0,212515
320,320,1,221,102.71943018,1,89.0,89.0,1,"fresh veg, tomatoes, per kg",201407.0,212515
321,321,2,222,104.441549703,2,90.0,90.0,2,"fresh veg, tomatoes, per kg",201408.0,212515
322,322,3,223,102.984291452,3,91.0,91.0,3,"fresh veg, tomatoes, per kg",201409.0,212515
323,323,4,224,99.9659274257,4,92.0,92.0,4,"fresh veg, tomatoes, per kg",201410.0,212515
324,324,5,225,93.8512240686,5,93.0,93.0,5,"fresh veg, tomatoes, per kg",201411.0,212515
325,325,6,226,91.1712257784,6,94.0,94.0,6,"fresh veg, tomatoes, per kg",201412.0,212515
326,326,7,227,86.8789359508,7,95.0,95.0,7,"fresh veg, tomatoes, per kg",201501.0,212515
327,327,8,228,92.6751426509,8,144.0,144.0,1,"fresh veg, tomatoes, per kg",201502.0,212515
328,328,9,229,93.110294011,9,145.0,145.0,2,"fresh veg, tomatoes, per kg",201503.0,212515
329,329,10,230,93.0891004925,10,146.0,146.0,3,"fresh veg, tomatoes, per kg",201504.0,212515
330,330,11,231,90.2719373081,11,147.0,147.0,4,"fresh veg, tomatoes, per kg",201505.0,212515
331,331,12,232,86.2101457385,12,148.0,148.0,5,"fresh veg, tomatoes, per kg",201506.0,212515
332,332,13,233,89.1302022283,13,149.0,149.0,6,"fresh veg, tomatoes, per kg",201507.0,212515
333,333,14,234,87.5541023203,14,150.0,150.0,7,"fresh veg, tomatoes, per kg",201508.0,212515
334,334,15,235,88.4014877487,15,151.0,151.0,8,"fresh veg, tomatoes, per kg",201509.0,212515
335,335,16,236,89.44455828,16,152.0,152.0,9,"fresh veg, tomatoes, per kg",201510.0,212515
336,336,17,237,88.2810791003,17,153.0,153.0,10,"fresh veg, tomatoes, per kg",201511.0,212515
337,337,18,238,89.8054964887,18,154.0,154.0,11,"fresh veg, tomatoes, per kg",201512.0,212515
338,338,19,239,89.9643968661,19,155.0,155.0,12,"fresh veg, tomatoes, per kg",201601.0,212515
339,339,20,111,90.7376423553,111,,,1,"fresh veg, tomatoes, per kg",201602.0,212515
340,340,21,112,83.8251027923,112,,,2,"fresh veg, tomatoes, per kg",201603.0,212515
341,341,22,113,87.5915249209,113,,,3,"fresh veg, tomatoes, per kg",201604.0,212515
342,342,23,114,84.8096363872,114,,,4,"fresh veg, tomatoes, per kg",201605.0,212515
343,343,24,115,87.5596472424,115,,,5,"fresh veg, tomatoes, per kg",201606.0,212515
344,344,25,116,88.8985588696,116,,,6,"fresh veg, tomatoes, per kg",201607.0,212515
345,345,26,117,87.4227071388,117,,,7,"fresh veg, tomatoes, per kg",201608.0,212515
346,346,27,118,91.0674353403,118,,,8,"fresh veg, tomatoes, per kg",201610.0,212515
347,347,28,119,90.3753812685,119,,,9,"fresh veg, tomatoes, per kg",201611.0,212515
348,348,0,240,100.0,0,96.0,96.0,0,"fresh/chilled orange juice, eg. tropicana",201406.0,212016
349,349,1,241,98.3241771196,1,97.0,97.0,1,"fresh/chilled orange juice, eg. tropicana",201407.0,212016
350,350,2,242,99.6457498506,2,98.0,98.0,2,"fresh/chilled orange juice, eg. tropicana",201408.0,212016
351,351,3,243,96.2526535226,3,99.0,99.0,3,"fresh/chilled orange juice, eg. tropicana",201409.0,212016
352,352,4,244,94.8901088657,4,100.0,100.0,4,"fresh/chilled orange juice, eg. tropicana",201410.0,212016
353,353,5,245,97.6991158466,5,101.0,101.0,5,"fresh/chilled orange juice, eg. tropicana",201411.0,212016
354,354,6,246,96.8886945199,6,102.0,102.0,6,"fresh/chilled orange juice, eg. tropicana",201412.0,212016
355,355,7,247,97.9535042053,7,103.0,103.0,7,"fresh/chilled orange juice, eg. tropicana",201501.0,212016
356,356,8,248,98.8907826612,8,157.0,157.0,1,"fresh/chilled orange juice, eg. tropicana",201502.0,212016
357,357,9,249,98.333598941,9,158.0,158.0,2,"fresh/chilled orange juice, eg. tropicana",201503.0,212016
358,358,10,250,97.0334194604,10,159.0,159.0,3,"fresh/chilled orange juice, eg. tropicana",201504.0,212016
359,359,11,251,95.1675555793,11,160.0,160.0,4,"fresh/chilled orange juice, eg. tropicana",201505.0,212016
360,360,12,252,94.5716801075,12,161.0,161.0,5,"fresh/chilled orange juice, eg. tropicana",201506.0,212016
361,361,13,253,99.966617046,13,162.0,162.0,6,"fresh/chilled orange juice, eg. tropicana",201507.0,212016
362,362,14,254,94.0984897571,14,163.0,163.0,7,"fresh/chilled orange juice, eg. tropicana",201508.0,212016
363,363,15,255,88.9593683391,15,164.0,164.0,8,"fresh/chilled orange juice, eg. tropicana",201509.0,212016
364,364,16,256,95.6293344477,16,165.0,165.0,9,"fresh/chilled orange juice, eg. tropicana",201510.0,212016
365,365,17,257,94.4244034604,17,166.0,166.0,10,"fresh/chilled orange juice, eg. tropicana",201511.0,212016
366,366,18,258,94.214991757,18,167.0,167.0,11,"fresh/chilled orange juice, eg. tropicana",201512.0,212016
367,367,19,259,92.8720957015,19,168.0,168.0,12,"fresh/chilled orange juice, eg. tropicana",201601.0,212016
368,368,20,121,92.8566060574,121,,,1,"fresh/chilled orange juice, eg. tropicana",201602.0,212016
369,369,21,122,90.2338317478,122,,,2,"fresh/chilled orange juice, eg. tropicana",201603.0,212016
370,370,22,123,87.6202317711,123,,,3,"fresh/chilled orange juice, eg. tropicana",201604.0,212016
371,371,23,124,87.5119188049,124,,,4,"fresh/chilled orange juice, eg. tropicana",201605.0,212016
372,372,24,125,87.6968917017,125,,,5,"fresh/chilled orange juice, eg. tropicana",201606.0,212016
373,373,25,126,85.6825697285,126,,,6,"fresh/chilled orange juice, eg. tropicana",201607.0,212016
374,374,26,127,86.7800461422,127,,,7,"fresh/chilled orange juice, eg. tropicana",201608.0,212016
375,375,27,128,85.306079317,128,,,8,"fresh/chilled orange juice, eg. tropicana",201610.0,212016
376,376,28,129,87.6329214868,129,,,9,"fresh/chilled orange juice, eg. tropicana",201611.0,212016
377,377,0,260,100.0,0,104.0,104.0,0,"fruit juice, not orange, eg. apple",201406.0,212006
378,378,1,261,98.0243852448,1,105.0,105.0,1,"fruit juice, not orange, eg. apple",201407.0,212006
379,379,2,262,100.981164142,2,106.0,106.0,2,"fruit juice, not orange, eg. apple",201408.0,212006
380,380,3,263,97.7473585018,3,107.0,107.0,3,"fruit juice, not orange, eg. apple",201409.0,212006
381,381,4,264,97.5858819865,4,108.0,108.0,4,"fruit juice, not orange, eg. apple",201410.0,212006
382,382,5,265,99.7923239493,5,109.0,109.0,5,"fruit juice, not orange, eg. apple",201411.0,212006
383,383,6,266,101.056536241,6,110.0,110.0,6,"fruit juice, not orange, eg. apple",201412.0,212006
384,384,7,267,97.4418025245,7,111.0,111.0,7,"fruit juice, not orange, eg. apple",201501.0,212006
385,385,8,268,96.3529800282,8,170.0,170.0,1,"fruit juice, not orange, eg. apple",201502.0,212006
386,386,9,269,95.6880769769,9,171.0,171.0,2,"fruit juice, not orange, eg. apple",201503.0,212006
387,387,10,270,92.5634170991,10,172.0,172.0,3,"fruit juice, not orange, eg. apple",201504.0,212006
388,388,11,271,92.3824733298,11,173.0,173.0,4,"fruit juice, not orange, eg. apple",201505.0,212006
389,389,12,272,94.2601158997,12,174.0,174.0,5,"fruit juice, not orange, eg. apple",201506.0,212006
390,390,13,273,94.1777782617,13,175.0,175.0,6,"fruit juice, not orange, eg. apple",201507.0,212006
391,391,14,274,91.4064524778,14,176.0,176.0,7,"fruit juice, not orange, eg. apple",201508.0,212006
392,392,15,275,90.7665491515,15,177.0,177.0,8,"fruit juice, not orange, eg. apple",201509.0,212006
393,393,16,276,92.5418892518,16,178.0,178.0,9,"fruit juice, not orange, eg. apple",201510.0,212006
394,394,17,277,91.3668048869,17,179.0,179.0,10,"fruit juice, not orange, eg. apple",201511.0,212006
395,395,18,278,94.6959513637,18,180.0,180.0,11,"fruit juice, not orange, eg. apple",201512.0,212006
396,396,19,279,94.7397581421,19,181.0,181.0,12,"fruit juice, not orange, eg. apple",201601.0,212006
397,397,20,131,94.0265648422,131,,,1,"fruit juice, not orange, eg. apple",201602.0,212006
398,398,21,132,93.5749940799,132,,,2,"fruit juice, not orange, eg. apple",201603.0,212006
399,399,22,133,94.7397581421,133,,,3,"fruit juice, not orange, eg. apple",201604.0,212006
400,400,23,134,87.3236974698,134,,,4,"fruit juice, not orange, eg. apple",201605.0,212006
401,401,24,135,92.7709429401,135,,,5,"fruit juice, not orange, eg. apple",201606.0,212006
402,402,25,136,88.2231070054,136,,,6,"fruit juice, not orange, eg. apple",201607.0,212006
403,403,26,137,87.3236974698,137,,,7,"fruit juice, not orange, eg. apple",201608.0,212006
404,404,27,138,94.5036685267,138,,,8,"fruit juice, not orange, eg. apple",201610.0,212006
405,405,28,139,93.1131459537,139,,,9,"fruit juice, not orange, eg. apple",201611.0,212006
406,406,0,280,100.0,0,112.0,112.0,0,"grapes, per kg",201406.0,212722
407,407,1,281,97.2997134012,1,113.0,113.0,1,"grapes, per kg",201407.0,212722
408,408,2,282,94.9594437707,2,114.0,114.0,2,"grapes, per kg",201408.0,212722
409,409,3,283,93.6014863134,3,115.0,115.0,3,"grapes, per kg",201409.0,212722
410,410,4,284,96.3595563053,4,116.0,116.0,4,"grapes, per kg",201410.0,212722
411,411,5,285,101.132726419,5,117.0,117.0,5,"grapes, per kg",201411.0,212722
412,412,6,286,106.917715411,6,118.0,118.0,6,"grapes, per kg",201412.0,212722
413,413,7,287,99.9684395597,7,119.0,119.0,7,"grapes, per kg",201501.0,212722
414,414,8,288,95.6579088053,8,183.0,183.0,1,"grapes, per kg",201502.0,212722
415,415,9,289,95.4334409227,9,184.0,184.0,2,"grapes, per kg",201503.0,212722
416,416,10,290,97.142054004,10,185.0,185.0,3,"grapes, per kg",201504.0,212722
417,417,11,291,98.1822019455,11,186.0,186.0,4,"grapes, per kg",201505.0,212722
418,418,12,292,100.056066178,12,187.0,187.0,5,"grapes, per kg",201506.0,212722
419,419,13,293,95.118524269,13,188.0,188.0,6,"grapes, per kg",201507.0,212722
420,420,14,294,93.6424803765,14,189.0,189.0,7,"grapes, per kg",201508.0,212722
421,421,15,295,90.9795241588,15,190.0,190.0,8,"grapes, per kg",201509.0,212722
422,422,16,296,93.7638070179,16,191.0,191.0,9,"grapes, per kg",201510.0,212722
423,423,17,297,96.2452100429,17,192.0,192.0,10,"grapes, per kg",201511.0,212722
424,424,18,298,96.2112619521,18,193.0,193.0,11,"grapes, per kg",201512.0,212722
425,425,19,299,93.7115180589,19,194.0,194.0,12,"grapes, per kg",201601.0,212722
426,426,20,141,90.5212281493,141,,,1,"grapes, per kg",201602.0,212722
427,427,21,142,89.6028732752,142,,,2,"grapes, per kg",201603.0,212722
428,428,22,143,97.4977710641,143,,,3,"grapes, per kg",201604.0,212722
429,429,23,144,98.004775251,144,,,4,"grapes, per kg",201605.0,212722
430,430,24,145,100.433757261,145,,,5,"grapes, per kg",201606.0,212722
431,431,25,146,92.2622807229,146,,,6,"grapes, per kg",201607.0,212722
432,432,26,147,88.1871945098,147,,,7,"grapes, per kg",201608.0,212722
433,433,27,148,88.7455565731,148,,,8,"grapes, per kg",201610.0,212722
434,434,28,149,88.7455565731,149,,,9,"grapes, per kg",201611.0,212722
435,435,0,300,100.0,0,120.0,120.0,0,"lager, 4 bottles, 4.3%-7.5% abv",201406.0,310215
436,436,1,301,100.312468887,1,121.0,121.0,1,"lager, 4 bottles, 4.3%-7.5% abv",201407.0,310215
437,437,2,302,101.514091512,2,122.0,122.0,2,"lager, 4 bottles, 4.3%-7.5% abv",201408.0,310215
438,438,3,303,101.879495806,3,123.0,123.0,3,"lager, 4 bottles, 4.3%-7.5% abv",201409.0,310215
439,439,4,304,98.513736876,4,124.0,124.0,4,"lager, 4 bottles, 4.3%-7.5% abv",201410.0,310215
440,440,5,305,99.8763825238,5,125.0,125.0,5,"lager, 4 bottles, 4.3%-7.5% abv",201411.0,310215
441,441,6,306,97.8539197262,6,126.0,126.0,6,"lager, 4 bottles, 4.3%-7.5% abv",201412.0,310215
442,442,7,307,100.195440263,7,127.0,127.0,7,"lager, 4 bottles, 4.3%-7.5% abv",201501.0,310215
443,443,8,308,99.0681407788,8,196.0,196.0,1,"lager, 4 bottles, 4.3%-7.5% abv",201502.0,310215
444,444,9,309,98.2752410031,9,197.0,197.0,2,"lager, 4 bottles, 4.3%-7.5% abv",201503.0,310215
445,445,10,310,98.904742364,10,198.0,198.0,3,"lager, 4 bottles, 4.3%-7.5% abv",201504.0,310215
446,446,11,311,101.51547758,11,199.0,199.0,4,"lager, 4 bottles, 4.3%-7.5% abv",201505.0,310215
447,447,12,312,98.4616761792,12,200.0,200.0,5,"lager, 4 bottles, 4.3%-7.5% abv",201506.0,310215
448,448,13,313,98.7661976784,13,201.0,201.0,6,"lager, 4 bottles, 4.3%-7.5% abv",201507.0,310215
449,449,14,314,100.30979928,14,202.0,202.0,7,"lager, 4 bottles, 4.3%-7.5% abv",201508.0,310215
450,450,15,315,101.913868829,15,203.0,203.0,8,"lager, 4 bottles, 4.3%-7.5% abv",201509.0,310215
451,451,16,316,105.746690251,16,204.0,204.0,9,"lager, 4 bottles, 4.3%-7.5% abv",201510.0,310215
452,452,17,317,107.888681705,17,205.0,205.0,10,"lager, 4 bottles, 4.3%-7.5% abv",201511.0,310215
453,453,18,318,109.346529446,18,206.0,206.0,11,"lager, 4 bottles, 4.3%-7.5% abv",201512.0,310215
454,454,19,319,106.164230188,19,207.0,207.0,12,"lager, 4 bottles, 4.3%-7.5% abv",201601.0,310215
455,455,20,151,104.91191341,151,,,1,"lager, 4 bottles, 4.3%-7.5% abv",201602.0,310215
456,456,21,152,105.522791832,152,,,2,"lager, 4 bottles, 4.3%-7.5% abv",201603.0,310215
457,457,22,153,106.835244501,153,,,3,"lager, 4 bottles, 4.3%-7.5% abv",201604.0,310215
458,458,23,154,106.940053589,154,,,4,"lager, 4 bottles, 4.3%-7.5% abv",201605.0,310215
459,459,24,155,101.480394437,155,,,5,"lager, 4 bottles, 4.3%-7.5% abv",201606.0,310215
460,460,25,156,102.462232566,156,,,6,"lager, 4 bottles, 4.3%-7.5% abv",201607.0,310215
461,461,26,157,104.310144812,157,,,7,"lager, 4 bottles, 4.3%-7.5% abv",201608.0,310215
462,462,27,158,97.3457687654,158,,,8,"lager, 4 bottles, 4.3%-7.5% abv",201610.0,310215
463,463,28,159,97.9204327156,159,,,9,"lager, 4 bottles, 4.3%-7.5% abv",201611.0,310215
464,464,0,320,100.0,0,128.0,128.0,0,plain biscuits (eg. digestive),201406.0,210302
465,465,1,321,111.845780456,1,129.0,129.0,1,plain biscuits (eg. digestive),201407.0,210302
466,466,2,322,107.754889436,2,130.0,130.0,2,plain biscuits (eg. digestive),201408.0,210302
467,467,3,323,113.467165075,3,131.0,131.0,3,plain biscuits (eg. digestive),201409.0,210302
468,468,4,324,115.677188609,4,132.0,132.0,4,plain biscuits (eg. digestive),201410.0,210302
469,469,5,325,121.368104601,5,133.0,133.0,5,plain biscuits (eg. digestive),201411.0,210302
470,470,6,326,116.810459097,6,134.0,134.0,6,plain biscuits (eg. digestive),201412.0,210302
471,471,7,327,110.596807761,7,135.0,135.0,7,plain biscuits (eg. digestive),201501.0,210302
472,472,8,328,109.958136223,8,209.0,209.0,1,plain biscuits (eg. digestive),201502.0,210302
473,473,9,329,111.659261375,9,210.0,210.0,2,plain biscuits (eg. digestive),201503.0,210302
474,474,10,330,108.879946043,10,211.0,211.0,3,plain biscuits (eg. digestive),201504.0,210302
475,475,11,331,109.425061543,11,212.0,212.0,4,plain biscuits (eg. digestive),201505.0,210302
476,476,12,332,109.125248701,12,213.0,213.0,5,plain biscuits (eg. digestive),201506.0,210302
477,477,13,333,112.139283781,13,214.0,214.0,6,plain biscuits (eg. digestive),201507.0,210302
478,478,14,334,110.248859037,14,215.0,215.0,7,plain biscuits (eg. digestive),201508.0,210302
479,479,15,335,105.490087189,15,216.0,216.0,8,plain biscuits (eg. digestive),201509.0,210302
480,480,16,336,107.598005799,16,217.0,217.0,9,plain biscuits (eg. digestive),201510.0,210302
481,481,17,337,105.436159126,17,218.0,218.0,10,plain biscuits (eg. digestive),201511.0,210302
482,482,18,338,120.243793033,18,219.0,219.0,11,plain biscuits (eg. digestive),201512.0,210302
483,483,19,339,126.645385047,19,220.0,220.0,12,plain biscuits (eg. digestive),201601.0,210302
484,484,20,161,125.496058446,161,,,1,plain biscuits (eg. digestive),201602.0,210302
485,485,21,162,125.175817045,162,,,2,plain biscuits (eg. digestive),201603.0,210302
486,486,22,163,123.301256979,163,,,3,plain biscuits (eg. digestive),201604.0,210302
487,487,23,164,121.340155978,164,,,4,plain biscuits (eg. digestive),201605.0,210302
488,488,24,165,124.151646801,165,,,5,plain biscuits (eg. digestive),201606.0,210302
489,489,25,166,124.151646801,166,,,6,plain biscuits (eg. digestive),201607.0,210302
490,490,26,167,124.151646801,167,,,7,plain biscuits (eg. digestive),201608.0,210302
491,491,27,168,119.924232175,168,,,8,plain biscuits (eg. digestive),201610.0,210302
492,492,28,169,122.687346664,169,,,9,plain biscuits (eg. digestive),201611.0,210302
493,493,0,340,100.0,0,136.0,136.0,0,"potatoes, new",201406.0,212319
494,494,1,341,100.0,1,137.0,137.0,1,"potatoes, new",201407.0,212319
495,495,2,342,100.0,2,138.0,138.0,2,"potatoes, new",201408.0,212319
496,496,3,343,100.0,3,139.0,139.0,3,"potatoes, new",201409.0,212319
497,497,4,344,100.0,4,140.0,140.0,4,"potatoes, new",201410.0,212319
498,498,5,345,95.732056687,5,141.0,141.0,5,"potatoes, new",201411.0,212319
499,499,6,346,68.8073394495,6,142.0,142.0,6,"potatoes, new",201412.0,212319
500,500,7,347,68.8073394495,7,143.0,143.0,7,"potatoes, new",201501.0,212319
501,501,8,348,68.8073394495,8,222.0,222.0,1,"potatoes, new",201502.0,212319
502,502,9,349,68.8073394495,9,223.0,223.0,2,"potatoes, new",201503.0,212319
503,503,10,350,68.8073394495,10,224.0,224.0,3,"potatoes, new",201504.0,212319
504,504,11,351,70.5181083448,11,225.0,225.0,4,"potatoes, new",201505.0,212319
505,505,12,352,70.5181083448,12,226.0,226.0,5,"potatoes, new",201506.0,212319
506,506,13,353,70.5096430911,13,227.0,227.0,6,"potatoes, new",201507.0,212319
507,507,14,354,65.6750646533,14,228.0,228.0,7,"potatoes, new",201508.0,212319
508,508,15,355,70.230054548,15,229.0,229.0,8,"potatoes, new",201509.0,212319
509,509,16,356,68.8073394495,16,230.0,230.0,9,"potatoes, new",201510.0,212319
510,510,17,357,70.230054548,17,231.0,231.0,10,"potatoes, new",201511.0,212319
511,511,18,358,68.4102403279,18,232.0,232.0,11,"potatoes, new",201512.0,212319
512,512,19,359,67.1341767431,19,233.0,233.0,12,"potatoes, new",201601.0,212319
513,513,20,171,68.9749303296,171,,,1,"potatoes, new",201602.0,212319
514,514,21,172,65.228764075,172,,,2,"potatoes, new",201603.0,212319
515,515,22,173,58.9025843169,173,,,3,"potatoes, new",201604.0,212319
516,516,23,174,67.1341767431,174,,,4,"potatoes, new",201605.0,212319
517,517,24,175,67.1341767431,175,,,5,"potatoes, new",201606.0,212319
518,518,25,176,67.1341767431,176,,,6,"potatoes, new",201607.0,212319
519,519,26,177,67.1341767431,177,,,7,"potatoes, new",201608.0,212319
520,520,27,178,67.1341767431,178,,,8,"potatoes, new",201610.0,212319
521,521,28,179,67.1341767431,179,,,9,"potatoes, new",201611.0,212319
522,522,0,360,100.0,0,144.0,144.0,0,"potatoes, old, white",201406.0,212360
523,523,1,361,94.5313678063,1,145.0,145.0,1,"potatoes, old, white",201407.0,212360
524,524,2,362,93.1857996982,2,146.0,146.0,2,"potatoes, old, white",201408.0,212360
525,525,3,363,93.6510006369,3,147.0,147.0,3,"potatoes, old, white",201409.0,212360
526,526,4,364,88.8745976055,4,148.0,148.0,4,"potatoes, old, white",201410.0,212360
527,527,5,365,88.1336901846,5,149.0,149.0,5,"potatoes, old, white",201411.0,212360
528,528,6,366,86.927635299,6,150.0,150.0,6,"potatoes, old, white",201412.0,212360
529,529,7,367,86.2471611127,7,151.0,151.0,7,"potatoes, old, white",201501.0,212360
530,530,8,368,87.1970196544,8,235.0,235.0,1,"potatoes, old, white",201502.0,212360
531,531,9,369,86.3309259577,9,236.0,236.0,2,"potatoes, old, white",201503.0,212360
532,532,10,370,88.5346749122,10,237.0,237.0,3,"potatoes, old, white",201504.0,212360
533,533,11,371,91.5165024517,11,238.0,238.0,4,"potatoes, old, white",201505.0,212360
534,534,12,372,90.0603118747,12,239.0,239.0,5,"potatoes, old, white",201506.0,212360
535,535,13,373,85.4146244784,13,240.0,240.0,6,"potatoes, old, white",201507.0,212360
536,536,14,374,89.9225156713,14,241.0,241.0,7,"potatoes, old, white",201508.0,212360
537,537,15,375,86.801299319,15,242.0,242.0,8,"potatoes, old, white",201509.0,212360
538,538,16,376,90.2130464276,16,243.0,243.0,9,"potatoes, old, white",201510.0,212360
539,539,17,377,85.6197854145,17,244.0,244.0,10,"potatoes, old, white",201511.0,212360
540,540,18,378,85.9055536519,18,245.0,245.0,11,"potatoes, old, white",201512.0,212360
541,541,19,379,86.7391627966,19,246.0,246.0,12,"potatoes, old, white",201601.0,212360
542,542,20,181,87.1628050681,181,,,1,"potatoes, old, white",201602.0,212360
543,543,21,182,85.2778668949,182,,,2,"potatoes, old, white",201603.0,212360
544,544,22,183,84.9996837363,183,,,3,"potatoes, old, white",201604.0,212360
545,545,23,184,84.1610151299,184,,,4,"potatoes, old, white",201605.0,212360
546,546,24,185,82.8743078959,185,,,5,"potatoes, old, white",201606.0,212360
547,547,25,186,82.8743078959,186,,,6,"potatoes, old, white",201607.0,212360
548,548,26,187,82.8743078959,187,,,7,"potatoes, old, white",201608.0,212360
549,549,27,188,82.305929081,188,,,8,"potatoes, old, white",201610.0,212360
550,550,28,189,82.305929081,189,,,9,"potatoes, old, white",201611.0,212360
551,551,0,380,100.0,0,152.0,152.0,0,"red wine, european, bottle",201406.0,310421
552,552,1,381,101.768246702,1,153.0,153.0,1,"red wine, european, bottle",201407.0,310421
553,553,2,382,99.7280351379,2,154.0,154.0,2,"red wine, european, bottle",201408.0,310421
554,554,3,383,97.3728485378,3,155.0,155.0,3,"red wine, european, bottle",201409.0,310421
555,555,4,384,98.8271717907,4,156.0,156.0,4,"red wine, european, bottle",201410.0,310421
556,556,5,385,99.1972461137,5,157.0,157.0,5,"red wine, european, bottle",201411.0,310421
557,557,6,386,97.1188123727,6,158.0,158.0,6,"red wine, european, bottle",201412.0,310421
558,558,7,387,98.6299596204,7,159.0,159.0,7,"red wine, european, bottle",201501.0,310421
559,559,8,388,97.9025740291,8,248.0,248.0,1,"red wine, european, bottle",201502.0,310421
560,560,9,389,98.199461143,9,249.0,249.0,2,"red wine, european, bottle",201503.0,310421
561,561,10,390,96.6220730012,10,250.0,250.0,3,"red wine, european, bottle",201504.0,310421
562,562,11,391,96.6345259629,11,251.0,251.0,4,"red wine, european, bottle",201505.0,310421
563,563,12,392,95.34161315,12,252.0,252.0,5,"red wine, european, bottle",201506.0,310421
564,564,13,393,94.2452675386,13,253.0,253.0,6,"red wine, european, bottle",201507.0,310421
565,565,14,394,94.6849299445,14,254.0,254.0,7,"red wine, european, bottle",201508.0,310421
566,566,15,395,90.1189344261,15,255.0,255.0,8,"red wine, european, bottle",201509.0,310421
567,567,16,396,91.1434928324,16,256.0,256.0,9,"red wine, european, bottle",201510.0,310421
568,568,17,397,92.8189098167,17,257.0,257.0,10,"red wine, european, bottle",201511.0,310421
569,569,18,398,96.0812890457,18,258.0,258.0,11,"red wine, european, bottle",201512.0,310421
570,570,19,399,96.3076152887,19,259.0,259.0,12,"red wine, european, bottle",201601.0,310421
571,571,20,191,96.2977182178,191,,,1,"red wine, european, bottle",201602.0,310421
572,572,21,192,96.1299277287,192,,,2,"red wine, european, bottle",201603.0,310421
573,573,22,193,96.2029322537,193,,,3,"red wine, european, bottle",201604.0,310421
574,574,23,194,96.1293911101,194,,,4,"red wine, european, bottle",201605.0,310421
575,575,24,195,99.3396185169,195,,,5,"red wine, european, bottle",201606.0,310421
576,576,25,196,98.2736012427,196,,,6,"red wine, european, bottle",201607.0,310421
577,577,26,197,99.8779559393,197,,,7,"red wine, european, bottle",201608.0,310421
578,578,27,198,99.050910456,198,,,8,"red wine, european, bottle",201610.0,310421
579,579,28,199,99.1927087281,199,,,9,"red wine, european, bottle",201611.0,310421
580,580,0,400,100.0,0,160.0,160.0,0,"rum, white, bottle",201406.0,310427
581,581,1,401,98.7141348639,1,161.0,161.0,1,"rum, white, bottle",201407.0,310427
582,582,2,402,100.906005461,2,162.0,162.0,2,"rum, white, bottle",201408.0,310427
583,583,3,403,100.926065548,3,163.0,163.0,3,"rum, white, bottle",201409.0,310427
584,584,4,404,101.646731551,4,164.0,164.0,4,"rum, white, bottle",201410.0,310427
585,585,5,405,97.497974118,5,165.0,165.0,5,"rum, white, bottle",201411.0,310427
586,586,6,406,96.9754567849,6,166.0,166.0,6,"rum, white, bottle",201412.0,310427
587,587,7,407,102.344317928,7,167.0,167.0,7,"rum, white, bottle",201501.0,310427
588,588,8,408,102.157546988,8,261.0,261.0,1,"rum, white, bottle",201502.0,310427
589,589,9,409,100.983703108,9,262.0,262.0,2,"rum, white, bottle",201503.0,310427
590,590,10,410,99.012513631,10,263.0,263.0,3,"rum, white, bottle",201504.0,310427
591,591,11,411,100.650446077,11,264.0,264.0,4,"rum, white, bottle",201505.0,310427
592,592,12,412,100.916101248,12,265.0,265.0,5,"rum, white, bottle",201506.0,310427
593,593,13,413,100.770365106,13,266.0,266.0,6,"rum, white, bottle",201507.0,310427
594,594,14,414,98.9852081043,14,267.0,267.0,7,"rum, white, bottle",201508.0,310427
595,595,15,415,99.5657378415,15,268.0,268.0,8,"rum, white, bottle",201509.0,310427
596,596,16,416,98.9646412466,16,269.0,269.0,9,"rum, white, bottle",201510.0,310427
597,597,17,417,96.5802741958,17,270.0,270.0,10,"rum, white, bottle",201511.0,310427
598,598,18,418,93.5106673696,18,271.0,271.0,11,"rum, white, bottle",201512.0,310427
599,599,19,419,100.851659782,19,272.0,272.0,12,"rum, white, bottle",201601.0,310427
600,600,20,201,98.6071894299,201,,,1,"rum, white, bottle",201602.0,310427
601,601,21,202,98.7512422638,202,,,2,"rum, white, bottle",201603.0,310427
602,602,22,203,97.1269919168,203,,,3,"rum, white, bottle",201604.0,310427
603,603,23,204,94.4613831576,204,,,4,"rum, white, bottle",201605.0,310427
604,604,24,205,99.0363953285,205,,,5,"rum, white, bottle",201606.0,310427
605,605,25,206,99.9284265439,206,,,6,"rum, white, bottle",201607.0,310427
606,606,26,207,96.4283332493,207,,,7,"rum, white, bottle",201608.0,310427
607,607,27,208,95.8009886456,208,,,8,"rum, white, bottle",201610.0,310427
608,608,28,209,96.4166420732,209,,,9,"rum, white, bottle",201611.0,310427
609,609,0,420,100.0,0,168.0,168.0,0,"shop milk, whole milk",201406.0,211709
610,610,1,421,100.39449674,1,169.0,169.0,1,"shop milk, whole milk",201407.0,211709
611,611,2,422,99.106869249,2,170.0,170.0,2,"shop milk, whole milk",201408.0,211709
612,612,3,423,96.7695769595,3,171.0,171.0,3,"shop milk, whole milk",201409.0,211709
613,613,4,424,98.2440065663,4,172.0,172.0,4,"shop milk, whole milk",201410.0,211709
614,614,5,425,98.5450660135,5,173.0,173.0,5,"shop milk, whole milk",201411.0,211709
615,615,6,426,98.2665307988,6,174.0,174.0,6,"shop milk, whole milk",201412.0,211709
616,616,7,427,98.9426943991,7,175.0,175.0,7,"shop milk, whole milk",201501.0,211709
617,617,8,428,97.7901961614,8,274.0,274.0,1,"shop milk, whole milk",201502.0,211709
618,618,9,429,98.0223911236,9,275.0,275.0,2,"shop milk, whole milk",201503.0,211709
619,619,10,430,100.602658404,10,276.0,276.0,3,"shop milk, whole milk",201504.0,211709
620,620,11,431,99.5199043621,11,277.0,277.0,4,"shop milk, whole milk",201505.0,211709
621,621,12,432,99.7989789192,12,278.0,278.0,5,"shop milk, whole milk",201506.0,211709
622,622,13,433,100.91140336,13,279.0,279.0,6,"shop milk, whole milk",201507.0,211709
623,623,14,434,99.8405272067,14,280.0,280.0,7,"shop milk, whole milk",201508.0,211709
624,624,15,435,100.378037356,15,281.0,281.0,8,"shop milk, whole milk",201509.0,211709
625,625,16,436,99.8386867837,16,282.0,282.0,9,"shop milk, whole milk",201510.0,211709
626,626,17,437,101.389031852,17,283.0,283.0,10,"shop milk, whole milk",201511.0,211709
627,627,18,438,109.025987935,18,284.0,284.0,11,"shop milk, whole milk",201512.0,211709
628,628,19,439,106.029805627,19,285.0,285.0,12,"shop milk, whole milk",201601.0,211709
629,629,20,211,106.694452834,211,,,1,"shop milk, whole milk",201602.0,211709
630,630,21,212,104.03992102,212,,,2,"shop milk, whole milk",201603.0,211709
631,631,22,213,107.035373434,213,,,3,"shop milk, whole milk",201604.0,211709
632,632,23,214,104.561702208,214,,,4,"shop milk, whole milk",201605.0,211709
633,633,24,215,102.941505467,215,,,5,"shop milk, whole milk",201606.0,211709
634,634,25,216,105.326977364,216,,,6,"shop milk, whole milk",201607.0,211709
635,635,26,217,105.262414942,217,,,7,"shop milk, whole milk",201608.0,211709
636,636,27,218,105.037142293,218,,,8,"shop milk, whole milk",201610.0,211709
637,637,28,219,104.222766382,219,,,9,"shop milk, whole milk",201611.0,211709
638,638,0,440,100.0,0,176.0,176.0,0,"shop milk,semi-skimmed, per 2 pints/1.136 litre",201406.0,211710
639,639,1,441,101.188038407,1,177.0,177.0,1,"shop milk,semi-skimmed, per 2 pints/1.136 litre",201407.0,211710
640,640,2,442,100.378562671,2,178.0,178.0,2,"shop milk,semi-skimmed, per 2 pints/1.136 litre",201408.0,211710
641,641,3,443,98.8918239989,3,179.0,179.0,3,"shop milk,semi-skimmed, per 2 pints/1.136 litre",201409.0,211710
642,642,4,444,99.3464763888,4,180.0,180.0,4,"shop milk,semi-skimmed, per 2 pints/1.136 litre",201410.0,211710
643,643,5,445,98.9687242184,5,181.0,181.0,5,"shop milk,semi-skimmed, per 2 pints/1.136 litre",201411.0,211710
644,644,6,446,97.6570817686,6,182.0,182.0,6,"shop milk,semi-skimmed, per 2 pints/1.136 litre",201412.0,211710
645,645,7,447,94.6354902853,7,183.0,183.0,7,"shop milk,semi-skimmed, per 2 pints/1.136 litre",201501.0,211710
646,646,8,448,93.8869442421,8,287.0,287.0,1,"shop milk,semi-skimmed, per 2 pints/1.136 litre",201502.0,211710
647,647,9,449,93.8869442421,9,288.0,288.0,2,"shop milk,semi-skimmed, per 2 pints/1.136 litre",201503.0,211710
648,648,10,450,94.021426507,10,289.0,289.0,3,"shop milk,semi-skimmed, per 2 pints/1.136 litre",201504.0,211710
649,649,11,451,94.021426507,11,290.0,290.0,4,"shop milk,semi-skimmed, per 2 pints/1.136 litre",201505.0,211710
650,650,12,452,93.7804935229,12,291.0,291.0,5,"shop milk,semi-skimmed, per 2 pints/1.136 litre",201506.0,211710
651,651,13,453,93.8372522111,13,292.0,292.0,6,"shop milk,semi-skimmed, per 2 pints/1.136 litre",201507.0,211710
652,652,14,454,93.3442926008,14,293.0,293.0,7,"shop milk,semi-skimmed, per 2 pints/1.136 litre",201508.0,211710
653,653,15,455,93.7128327243,15,294.0,294.0,8,"shop milk,semi-skimmed, per 2 pints/1.136 litre",201509.0,211710
654,654,16,456,94.8025447418,16,295.0,295.0,9,"shop milk,semi-skimmed, per 2 pints/1.136 litre",201510.0,211710
655,655,17,457,95.6429317556,17,296.0,296.0,10,"shop milk,semi-skimmed, per 2 pints/1.136 litre",201511.0,211710
656,656,18,458,95.6429317556,18,297.0,297.0,11,"shop milk,semi-skimmed, per 2 pints/1.136 litre",201512.0,211710
657,657,19,459,95.6429317556,19,298.0,298.0,12,"shop milk,semi-skimmed, per 2 pints/1.136 litre",201601.0,211710
658,658,20,221,95.6429317556,221,,,1,"shop milk,semi-skimmed, per 2 pints/1.136 litre",201602.0,211710
659,659,21,222,95.6429317556,222,,,2,"shop milk,semi-skimmed, per 2 pints/1.136 litre",201603.0,211710
660,660,22,223,95.6429317556,223,,,3,"shop milk,semi-skimmed, per 2 pints/1.136 litre",201604.0,211710
661,661,23,224,95.6429317556,224,,,4,"shop milk,semi-skimmed, per 2 pints/1.136 litre",201605.0,211710
662,662,24,225,95.6429317556,225,,,5,"shop milk,semi-skimmed, per 2 pints/1.136 litre",201606.0,211710
663,663,25,226,95.6429317556,226,,,6,"shop milk,semi-skimmed, per 2 pints/1.136 litre",201607.0,211710
664,664,26,227,95.6429317556,227,,,7,"shop milk,semi-skimmed, per 2 pints/1.136 litre",201608.0,211710
665,665,27,228,95.6429317556,228,,,8,"shop milk,semi-skimmed, per 2 pints/1.136 litre",201610.0,211710
666,666,28,229,95.6429317556,229,,,9,"shop milk,semi-skimmed, per 2 pints/1.136 litre",201611.0,211710
667,667,0,460,100.0,0,184.0,184.0,0,"spreadable butter, 500g, 40-70% butter content",201406.0,211305
668,668,1,461,97.8662307809,1,185.0,185.0,1,"spreadable butter, 500g, 40-70% butter content",201407.0,211305
669,669,2,462,99.260509203,2,186.0,186.0,2,"spreadable butter, 500g, 40-70% butter content",201408.0,211305
670,670,3,463,97.9819567252,3,187.0,187.0,3,"spreadable butter, 500g, 40-70% butter content",201409.0,211305
671,671,4,464,99.030856359,4,188.0,188.0,4,"spreadable butter, 500g, 40-70% butter content",201410.0,211305
672,672,5,465,98.4328790084,5,189.0,189.0,5,"spreadable butter, 500g, 40-70% butter content",201411.0,211305
673,673,6,466,96.4242527322,6,190.0,190.0,6,"spreadable butter, 500g, 40-70% butter content",201412.0,211305
674,674,7,467,95.9287155772,7,191.0,191.0,7,"spreadable butter, 500g, 40-70% butter content",201501.0,211305
675,675,8,468,95.3019635395,8,300.0,300.0,1,"spreadable butter, 500g, 40-70% butter content",201502.0,211305
676,676,9,469,93.0413282628,9,301.0,301.0,2,"spreadable butter, 500g, 40-70% butter content",201503.0,211305
677,677,10,470,99.390810294,10,302.0,302.0,3,"spreadable butter, 500g, 40-70% butter content",201504.0,211305
678,678,11,471,104.243280621,11,303.0,303.0,4,"spreadable butter, 500g, 40-70% butter content",201505.0,211305
679,679,12,472,104.45313485,12,304.0,304.0,5,"spreadable butter, 500g, 40-70% butter content",201506.0,211305
680,680,13,473,102.352838766,13,305.0,305.0,6,"spreadable butter, 500g, 40-70% butter content",201507.0,211305
681,681,14,474,101.50176474,14,306.0,306.0,7,"spreadable butter, 500g, 40-70% butter content",201508.0,211305
682,682,15,475,102.471544663,15,307.0,307.0,8,"spreadable butter, 500g, 40-70% butter content",201509.0,211305
683,683,16,476,98.7837311039,16,308.0,308.0,9,"spreadable butter, 500g, 40-70% butter content",201510.0,211305
684,684,17,477,99.229799642,17,309.0,309.0,10,"spreadable butter, 500g, 40-70% butter content",201511.0,211305
685,685,18,478,98.1793788819,18,310.0,310.0,11,"spreadable butter, 500g, 40-70% butter content",201512.0,211305
686,686,19,479,99.3451247156,19,311.0,311.0,12,"spreadable butter, 500g, 40-70% butter content",201601.0,211305
687,687,20,231,98.4497982104,231,,,1,"spreadable butter, 500g, 40-70% butter content",201602.0,211305
688,688,21,232,96.3813687512,232,,,2,"spreadable butter, 500g, 40-70% butter content",201603.0,211305
689,689,22,233,94.6631686433,233,,,3,"spreadable butter, 500g, 40-70% butter content",201604.0,211305
690,690,23,234,103.275152857,234,,,4,"spreadable butter, 500g, 40-70% butter content",201605.0,211305
691,691,24,235,100.493733157,235,,,5,"spreadable butter, 500g, 40-70% butter content",201606.0,211305
692,692,25,236,98.0034434951,236,,,6,"spreadable butter, 500g, 40-70% butter content",201607.0,211305
693,693,26,237,100.149316571,237,,,7,"spreadable butter, 500g, 40-70% butter content",201608.0,211305
694,694,27,238,102.454935028,238,,,8,"spreadable butter, 500g, 40-70% butter content",201610.0,211305
695,695,28,239,101.011292703,239,,,9,"spreadable butter, 500g, 40-70% butter content",201611.0,211305
696,696,0,480,100.0,0,192.0,192.0,0,"strawberries, per kg or per punnet",201406.0,212720
697,697,1,481,96.7229991032,1,193.0,193.0,1,"strawberries, per kg or per punnet",201407.0,212720
698,698,2,482,94.6652007257,2,194.0,194.0,2,"strawberries, per kg or per punnet",201408.0,212720
699,699,3,483,105.54423887,3,195.0,195.0,3,"strawberries, per kg or per punnet",201409.0,212720
700,700,4,484,124.835366776,4,196.0,196.0,4,"strawberries, per kg or per punnet",201410.0,212720
701,701,5,485,165.093217504,5,197.0,197.0,5,"strawberries, per kg or per punnet",201411.0,212720
702,702,6,486,163.82489226,6,198.0,198.0,6,"strawberries, per kg or per punnet",201412.0,212720
703,703,7,487,140.449457208,7,199.0,199.0,7,"strawberries, per kg or per punnet",201501.0,212720
704,704,8,488,125.125869245,8,313.0,313.0,1,"strawberries, per kg or per punnet",201502.0,212720
705,705,9,489,129.231030138,9,314.0,314.0,2,"strawberries, per kg or per punnet",201503.0,212720
706,706,10,490,121.580670981,10,315.0,315.0,3,"strawberries, per kg or per punnet",201504.0,212720
707,707,11,491,111.366632476,11,316.0,316.0,4,"strawberries, per kg or per punnet",201505.0,212720
708,708,12,492,109.475897795,12,317.0,317.0,5,"strawberries, per kg or per punnet",201506.0,212720
709,709,13,493,94.5971118311,13,318.0,318.0,6,"strawberries, per kg or per punnet",201507.0,212720
710,710,14,494,100.775345494,14,319.0,319.0,7,"strawberries, per kg or per punnet",201508.0,212720
711,711,15,495,107.728067822,15,320.0,320.0,8,"strawberries, per kg or per punnet",201509.0,212720
712,712,16,496,114.053199762,16,321.0,321.0,9,"strawberries, per kg or per punnet",201510.0,212720
713,713,17,497,144.319616328,17,322.0,322.0,10,"strawberries, per kg or per punnet",201511.0,212720
714,714,18,498,143.772565869,18,323.0,323.0,11,"strawberries, per kg or per punnet",201512.0,212720
715,715,19,499,121.381501307,19,324.0,324.0,12,"strawberries, per kg or per punnet",201601.0,212720
716,716,20,241,115.868091623,241,,,1,"strawberries, per kg or per punnet",201602.0,212720
717,717,21,242,119.9111666,242,,,2,"strawberries, per kg or per punnet",201603.0,212720
718,718,22,243,112.667840159,243,,,3,"strawberries, per kg or per punnet",201604.0,212720
719,719,23,244,101.460823119,244,,,4,"strawberries, per kg or per punnet",201605.0,212720
720,720,24,245,110.34681937,245,,,5,"strawberries, per kg or per punnet",201606.0,212720
721,721,25,246,110.34681937,246,,,6,"strawberries, per kg or per punnet",201607.0,212720
722,722,26,247,110.34681937,247,,,7,"strawberries, per kg or per punnet",201608.0,212720
723,723,27,248,128.188121224,248,,,8,"strawberries, per kg or per punnet",201610.0,212720
724,724,28,249,132.018840168,249,,,9,"strawberries, per kg or per punnet",201611.0,212720
725,725,0,500,100.0,0,200.0,200.0,0,"tea bags, per packet of 80, 250g",201406.0,211901
726,726,1,501,102.072564777,1,201.0,201.0,1,"tea bags, per packet of 80, 250g",201407.0,211901
727,727,2,502,98.9712779678,2,202.0,202.0,2,"tea bags, per packet of 80, 250g",201408.0,211901
728,728,3,503,98.7862171838,3,203.0,203.0,3,"tea bags, per packet of 80, 250g",201409.0,211901
729,729,4,504,101.421252508,4,204.0,204.0,4,"tea bags, per packet of 80, 250g",201410.0,211901
730,730,5,505,102.18131556,5,205.0,205.0,5,"tea bags, per packet of 80, 250g",201411.0,211901
731,731,6,506,96.920890241,6,206.0,206.0,6,"tea bags, per packet of 80, 250g",201412.0,211901
732,732,7,507,97.7990461727,7,207.0,207.0,7,"tea bags, per packet of 80, 250g",201501.0,211901
733,733,8,508,99.5968207854,8,326.0,326.0,1,"tea bags, per packet of 80, 250g",201502.0,211901
734,734,9,509,95.4925888427,9,327.0,327.0,2,"tea bags, per packet of 80, 250g",201503.0,211901
735,735,10,510,96.3342384234,10,328.0,328.0,3,"tea bags, per packet of 80, 250g",201504.0,211901
736,736,11,511,93.8068349805,11,329.0,329.0,4,"tea bags, per packet of 80, 250g",201505.0,211901
737,737,12,512,93.9084834029,12,330.0,330.0,5,"tea bags, per packet of 80, 250g",201506.0,211901
738,738,13,513,94.3461655551,13,331.0,331.0,6,"tea bags, per packet of 80, 250g",201507.0,211901
739,739,14,514,93.7387615703,14,332.0,332.0,7,"tea bags, per packet of 80, 250g",201508.0,211901
740,740,15,515,93.3887557641,15,333.0,333.0,8,"tea bags, per packet of 80, 250g",201509.0,211901
741,741,16,516,92.4926009201,16,334.0,334.0,9,"tea bags, per packet of 80, 250g",201510.0,211901
742,742,17,517,90.9989815977,17,335.0,335.0,10,"tea bags, per packet of 80, 250g",201511.0,211901
743,743,18,518,96.0979152519,18,336.0,336.0,11,"tea bags, per packet of 80, 250g",201512.0,211901
744,744,19,519,96.2602550672,19,337.0,337.0,12,"tea bags, per packet of 80, 250g",201601.0,211901
745,745,20,251,100.811355096,251,,,1,"tea bags, per packet of 80, 250g",201602.0,211901
746,746,21,252,112.472686412,252,,,2,"tea bags, per packet of 80, 250g",201603.0,211901
747,747,22,253,97.5040934531,253,,,3,"tea bags, per packet of 80, 250g",201604.0,211901
748,748,23,254,114.40336557,254,,,4,"tea bags, per packet of 80, 250g",201605.0,211901
749,749,24,255,99.0306246356,255,,,5,"tea bags, per packet of 80, 250g",201606.0,211901
750,750,25,256,99.5653602046,256,,,6,"tea bags, per packet of 80, 250g",201607.0,211901
751,751,26,257,98.6833510284,257,,,7,"tea bags, per packet of 80, 250g",201608.0,211901
752,752,27,258,116.51938441,258,,,8,"tea bags, per packet of 80, 250g",201610.0,211901
753,753,28,259,111.00646542,259,,,9,"tea bags, per packet of 80, 250g",201611.0,211901
754,754,0,520,100.0,0,208.0,208.0,0,"vodka, bottle",201406.0,310403
755,755,1,521,99.7806170052,1,209.0,209.0,1,"vodka, bottle",201407.0,310403
756,756,2,522,99.0230049019,2,210.0,210.0,2,"vodka, bottle",201408.0,310403
757,757,3,523,98.2507672887,3,211.0,211.0,3,"vodka, bottle",201409.0,310403
758,758,4,524,99.6834955817,4,212.0,212.0,4,"vodka, bottle",201410.0,310403
759,759,5,525,95.5385632297,5,213.0,213.0,5,"vodka, bottle",201411.0,310403
760,760,6,526,94.6609331277,6,214.0,214.0,6,"vodka, bottle",201412.0,310403
761,761,7,527,99.8640808762,7,215.0,215.0,7,"vodka, bottle",201501.0,310403
762,762,8,528,99.7001253712,8,339.0,339.0,1,"vodka, bottle",201502.0,310403
763,763,9,529,99.5183467022,9,340.0,340.0,2,"vodka, bottle",201503.0,310403
764,764,10,530,97.5713069298,10,341.0,341.0,3,"vodka, bottle",201504.0,310403
765,765,11,531,99.0144956303,11,342.0,342.0,4,"vodka, bottle",201505.0,310403
766,766,12,532,99.5308718416,12,343.0,343.0,5,"vodka, bottle",201506.0,310403
767,767,13,533,99.0598673565,13,344.0,344.0,6,"vodka, bottle",201507.0,310403
768,768,14,534,98.5340413442,14,345.0,345.0,7,"vodka, bottle",201508.0,310403
769,769,15,535,97.9122753407,15,346.0,346.0,8,"vodka, bottle",201509.0,310403
770,770,16,536,97.6688054374,16,347.0,347.0,9,"vodka, bottle",201510.0,310403
771,771,17,537,93.7075248608,17,348.0,348.0,10,"vodka, bottle",201511.0,310403
772,772,18,538,89.5722258748,18,349.0,349.0,11,"vodka, bottle",201512.0,310403
773,773,19,539,98.2475531735,19,350.0,350.0,12,"vodka, bottle",201601.0,310403
774,774,20,261,97.0687481534,261,,,1,"vodka, bottle",201602.0,310403
775,775,21,262,97.1452992472,262,,,2,"vodka, bottle",201603.0,310403
776,776,22,263,93.5881843534,263,,,3,"vodka, bottle",201604.0,310403
777,777,23,264,95.4683329273,264,,,4,"vodka, bottle",201605.0,310403
778,778,24,265,95.1254911199,265,,,5,"vodka, bottle",201606.0,310403
779,779,25,266,96.0917129708,266,,,6,"vodka, bottle",201607.0,310403
780,780,26,267,93.3290354037,267,,,7,"vodka, bottle",201608.0,310403
781,781,27,268,95.0958844236,268,,,8,"vodka, bottle",201610.0,310403
782,782,28,269,94.250865262,269,,,9,"vodka, bottle",201611.0,310403
783,783,0,540,100.0,0,216.0,216.0,0,"whisky, bottle",201406.0,310401
784,784,1,541,101.812875375,1,217.0,217.0,1,"whisky, bottle",201407.0,310401
785,785,2,542,103.619582839,2,218.0,218.0,2,"whisky, bottle",201408.0,310401
786,786,3,543,100.641668804,3,219.0,219.0,3,"whisky, bottle",201409.0,310401
787,787,4,544,102.250587946,4,220.0,220.0,4,"whisky, bottle",201410.0,310401
788,788,5,545,99.3148402289,5,221.0,221.0,5,"whisky, bottle",201411.0,310401
789,789,6,546,91.2558102061,6,222.0,222.0,6,"whisky, bottle",201412.0,310401
790,790,7,547,96.4075739197,7,223.0,223.0,7,"whisky, bottle",201501.0,310401
791,791,8,548,98.6500508519,8,352.0,352.0,1,"whisky, bottle",201502.0,310401
792,792,9,549,97.9562600644,9,353.0,353.0,2,"whisky, bottle",201503.0,310401
793,793,10,550,98.5063517097,10,354.0,354.0,3,"whisky, bottle",201504.0,310401
794,794,11,551,98.4483554946,11,355.0,355.0,4,"whisky, bottle",201505.0,310401
795,795,12,552,94.5751033575,12,356.0,356.0,5,"whisky, bottle",201506.0,310401
796,796,13,553,97.1780799701,13,357.0,357.0,6,"whisky, bottle",201507.0,310401
797,797,14,554,97.5719566465,14,358.0,358.0,7,"whisky, bottle",201508.0,310401
798,798,15,555,95.0327120708,15,359.0,359.0,8,"whisky, bottle",201509.0,310401
799,799,16,556,93.2243510344,16,360.0,360.0,9,"whisky, bottle",201510.0,310401
800,800,17,557,94.0757924566,17,361.0,361.0,10,"whisky, bottle",201511.0,310401
801,801,18,558,90.6410675364,18,362.0,362.0,11,"whisky, bottle",201512.0,310401
802,802,19,559,96.395265787,19,363.0,363.0,12,"whisky, bottle",201601.0,310401
803,803,20,271,94.8983922507,271,,,1,"whisky, bottle",201602.0,310401
804,804,21,272,97.131792978,272,,,2,"whisky, bottle",201603.0,310401
805,805,22,273,95.9157649307,273,,,3,"whisky, bottle",201604.0,310401
806,806,23,274,108.627626644,274,,,4,"whisky, bottle",201605.0,310401
807,807,24,275,104.964089779,275,,,5,"whisky, bottle",201606.0,310401
808,808,25,276,111.312478447,276,,,6,"whisky, bottle",201607.0,310401
809,809,26,277,109.704381446,277,,,7,"whisky, bottle",201608.0,310401
810,810,27,278,106.947767121,278,,,8,"whisky, bottle",201610.0,310401
811,811,28,279,106.837416646,279,,,9,"whisky, bottle",201611.0,310401
812,812,0,560,100.0,0,224.0,224.0,0,"white sliced loaf, branded",201406.0,210111
813,813,1,561,100.585190094,1,225.0,225.0,1,"white sliced loaf, branded",201407.0,210111
814,814,2,562,98.6182848651,2,226.0,226.0,2,"white sliced loaf, branded",201408.0,210111
815,815,3,563,96.8131165235,3,227.0,227.0,3,"white sliced loaf, branded",201409.0,210111
816,816,4,564,91.5989033277,4,228.0,228.0,4,"white sliced loaf, branded",201410.0,210111
817,817,5,565,93.5640357285,5,229.0,229.0,5,"white sliced loaf, branded",201411.0,210111
818,818,6,566,109.891170845,6,230.0,230.0,6,"white sliced loaf, branded",201412.0,210111
819,819,7,567,86.5849562297,7,231.0,231.0,7,"white sliced loaf, branded",201501.0,210111
820,820,8,568,84.668651392,8,365.0,365.0,1,"white sliced loaf, branded",201502.0,210111
821,821,9,569,88.5302599748,9,366.0,366.0,2,"white sliced loaf, branded",201503.0,210111
822,822,10,570,85.4497394413,10,367.0,367.0,3,"white sliced loaf, branded",201504.0,210111
823,823,11,571,87.4762615143,11,368.0,368.0,4,"white sliced loaf, branded",201505.0,210111
824,824,12,572,88.7797504489,12,369.0,369.0,5,"white sliced loaf, branded",201506.0,210111
825,825,13,573,85.2651137635,13,370.0,370.0,6,"white sliced loaf, branded",201507.0,210111
826,826,14,574,85.4050650905,14,371.0,371.0,7,"white sliced loaf, branded",201508.0,210111
827,827,15,575,85.2794337187,15,372.0,372.0,8,"white sliced loaf, branded",201509.0,210111
828,828,16,576,84.6126625251,16,373.0,373.0,9,"white sliced loaf, branded",201510.0,210111
829,829,17,577,83.5308461247,17,374.0,374.0,10,"white sliced loaf, branded",201511.0,210111
830,830,18,578,83.9267235011,18,375.0,375.0,11,"white sliced loaf, branded",201512.0,210111
831,831,19,579,86.604699927,19,376.0,376.0,12,"white sliced loaf, branded",201601.0,210111
832,832,20,281,84.1913355534,281,,,1,"white sliced loaf, branded",201602.0,210111
833,833,21,282,86.0130416844,282,,,2,"white sliced loaf, branded",201603.0,210111
834,834,22,283,87.2932489597,283,,,3,"white sliced loaf, branded",201604.0,210111
835,835,23,284,85.2798503294,284,,,4,"white sliced loaf, branded",201605.0,210111
836,836,24,285,83.8611690523,285,,,5,"white sliced loaf, branded",201606.0,210111
837,837,25,286,83.7642231721,286,,,6,"white sliced loaf, branded",201607.0,210111
838,838,26,287,83.7642231721,287,,,7,"white sliced loaf, branded",201608.0,210111
839,839,27,288,81.8533163048,288,,,8,"white sliced loaf, branded",201610.0,210111
840,840,28,289,83.1130086042,289,,,9,"white sliced loaf, branded",201611.0,210111
841,841,0,580,100.0,0,232.0,232.0,0,"white wine, european, bottle",201406.0,310419
842,842,1,581,100.762323618,1,233.0,233.0,1,"white wine, european, bottle",201407.0,310419
843,843,2,582,100.220868616,2,234.0,234.0,2,"white wine, european, bottle",201408.0,310419
844,844,3,583,98.9106953806,3,235.0,235.0,3,"white wine, european, bottle",201409.0,310419
845,845,4,584,99.1723340962,4,236.0,236.0,4,"white wine, european, bottle",201410.0,310419
846,846,5,585,99.6184667301,5,237.0,237.0,5,"white wine, european, bottle",201411.0,310419
847,847,6,586,98.099202352,6,238.0,238.0,6,"white wine, european, bottle",201412.0,310419
848,848,7,587,99.6711748895,7,239.0,239.0,7,"white wine, european, bottle",201501.0,310419
849,849,8,588,99.2387893029,8,378.0,378.0,1,"white wine, european, bottle",201502.0,310419
850,850,9,589,100.386179176,9,379.0,379.0,2,"white wine, european, bottle",201503.0,310419
851,851,10,590,97.8368683592,10,380.0,380.0,3,"white wine, european, bottle",201504.0,310419
852,852,11,591,98.0585751845,11,381.0,381.0,4,"white wine, european, bottle",201505.0,310419
853,853,12,592,96.6033162987,12,382.0,382.0,5,"white wine, european, bottle",201506.0,310419
854,854,13,593,96.8333784427,13,383.0,383.0,6,"white wine, european, bottle",201507.0,310419
855,855,14,594,96.4472816581,14,384.0,384.0,7,"white wine, european, bottle",201508.0,310419
856,856,15,595,92.1155722127,15,385.0,385.0,8,"white wine, european, bottle",201509.0,310419
857,857,16,596,91.2866690608,16,386.0,386.0,9,"white wine, european, bottle",201510.0,310419
858,858,17,597,91.0058652152,17,387.0,387.0,10,"white wine, european, bottle",201511.0,310419
859,859,18,598,93.2208938114,18,388.0,388.0,11,"white wine, european, bottle",201512.0,310419
860,860,19,599,93.731709398,19,389.0,389.0,12,"white wine, european, bottle",201601.0,310419
861,861,20,291,92.424138165,291,,,1,"white wine, european, bottle",201602.0,310419
862,862,21,292,92.0637715591,292,,,2,"white wine, european, bottle",201603.0,310419
863,863,22,293,90.4666017181,293,,,3,"white wine, european, bottle",201604.0,310419
864,864,23,294,90.4166923013,294,,,4,"white wine, european, bottle",201605.0,310419
865,865,24,295,91.5623782424,295,,,5,"white wine, european, bottle",201606.0,310419
866,866,25,296,91.3554740899,296,,,6,"white wine, european, bottle",201607.0,310419
867,867,26,297,91.7670458731,297,,,7,"white wine, european, bottle",201608.0,310419
868,868,27,298,92.7898932738,298,,,8,"white wine, european, bottle",201610.0,310419
869,869,28,299,92.9760930385,299,,,9,"white wine, european, bottle",201611.0,310419
870,870,0,600,100.0,0,240.0,240.0,0,"wholemeal sliced loaf, branded",201406.0,210113
871,871,1,601,99.5344497765,1,241.0,241.0,1,"wholemeal sliced loaf, branded",201407.0,210113
872,872,2,602,99.9584029949,2,242.0,242.0,2,"wholemeal sliced loaf, branded",201408.0,210113
873,873,3,603,98.9963063466,3,243.0,243.0,3,"wholemeal sliced loaf, branded",201409.0,210113
874,874,4,604,94.7823084826,4,244.0,244.0,4,"wholemeal sliced loaf, branded",201410.0,210113
875,875,5,605,96.4468157377,5,245.0,245.0,5,"wholemeal sliced loaf, branded",201411.0,210113
876,876,6,606,98.8451760107,6,246.0,246.0,6,"wholemeal sliced loaf, branded",201412.0,210113
877,877,7,607,94.6259474192,7,247.0,247.0,7,"wholemeal sliced loaf, branded",201501.0,210113
878,878,8,608,95.6135272083,8,391.0,391.0,1,"wholemeal sliced loaf, branded",201502.0,210113
879,879,9,609,94.6755983854,9,392.0,392.0,2,"wholemeal sliced loaf, branded",201503.0,210113
880,880,10,610,91.2206078918,10,393.0,393.0,3,"wholemeal sliced loaf, branded",201504.0,210113
881,881,11,611,91.1138974319,11,394.0,394.0,4,"wholemeal sliced loaf, branded",201505.0,210113
882,882,12,612,91.9349598315,12,395.0,395.0,5,"wholemeal sliced loaf, branded",201506.0,210113
883,883,13,613,89.6780046004,13,396.0,396.0,6,"wholemeal sliced loaf, branded",201507.0,210113
884,884,14,614,87.9459662887,14,397.0,397.0,7,"wholemeal sliced loaf, branded",201508.0,210113
885,885,15,615,88.1240266898,15,398.0,398.0,8,"wholemeal sliced loaf, branded",201509.0,210113
886,886,16,616,88.3970311943,16,399.0,399.0,9,"wholemeal sliced loaf, branded",201510.0,210113
887,887,17,617,85.6519765687,17,400.0,400.0,10,"wholemeal sliced loaf, branded",201511.0,210113
888,888,18,618,86.7576974641,18,401.0,401.0,11,"wholemeal sliced loaf, branded",201512.0,210113
889,889,19,619,87.326325234,19,402.0,402.0,12,"wholemeal sliced loaf, branded",201601.0,210113
890,890,20,301,87.1254949668,301,,,1,"wholemeal sliced loaf, branded",201602.0,210113
891,891,21,302,86.0017590989,302,,,2,"wholemeal sliced loaf, branded",201603.0,210113
892,892,22,303,91.6182825335,303,,,3,"wholemeal sliced loaf, branded",201604.0,210113
893,893,23,304,92.7173792418,304,,,4,"wholemeal sliced loaf, branded",201605.0,210113
894,894,24,305,84.7973349323,305,,,5,"wholemeal sliced loaf, branded",201606.0,210113
895,895,25,306,85.5766843171,306,,,6,"wholemeal sliced loaf, branded",201607.0,210113
896,896,26,307,85.5766843171,307,,,7,"wholemeal sliced loaf, branded",201608.0,210113
897,897,27,308,83.4169555996,308,,,8,"wholemeal sliced loaf, branded",201610.0,210113
898,898,28,309,82.634647754,309,,,9,"wholemeal sliced loaf, branded",201611.0,210113
899,899,0,620,100.0,0,248.0,248.0,0,"yoghurt, small individual",201406.0,211814
900,900,1,621,103.387605999,1,249.0,249.0,1,"yoghurt, small individual",201407.0,211814
901,901,2,622,104.111586032,2,250.0,250.0,2,"yoghurt, small individual",201408.0,211814
902,902,3,623,103.971090815,3,251.0,251.0,3,"yoghurt, small individual",201409.0,211814
903,903,4,624,104.527014968,4,252.0,252.0,4,"yoghurt, small individual",201410.0,211814
904,904,5,625,108.653411682,5,253.0,253.0,5,"yoghurt, small individual",201411.0,211814
905,905,6,626,107.551375656,6,254.0,254.0,6,"yoghurt, small individual",201412.0,211814
906,906,7,627,106.084264469,7,255.0,255.0,7,"yoghurt, small individual",201501.0,211814
907,907,8,628,101.634278865,8,404.0,404.0,1,"yoghurt, small individual",201502.0,211814
908,908,9,629,102.23951558,9,405.0,405.0,2,"yoghurt, small individual",201503.0,211814
909,909,10,630,107.425124703,10,406.0,406.0,3,"yoghurt, small individual",201504.0,211814
910,910,11,631,101.92963809,11,407.0,407.0,4,"yoghurt, small individual",201505.0,211814
911,911,12,632,102.505149425,12,408.0,408.0,5,"yoghurt, small individual",201506.0,211814
912,912,13,633,103.213475164,13,409.0,409.0,6,"yoghurt, small individual",201507.0,211814
913,913,14,634,103.804171899,14,410.0,410.0,7,"yoghurt, small individual",201508.0,211814
914,914,15,635,101.54211508,15,411.0,411.0,8,"yoghurt, small individual",201509.0,211814
915,915,16,636,100.720242482,16,412.0,412.0,9,"yoghurt, small individual",201510.0,211814
916,916,17,637,112.065828538,17,413.0,413.0,10,"yoghurt, small individual",201511.0,211814
917,917,18,638,106.056299568,18,414.0,414.0,11,"yoghurt, small individual",201512.0,211814
918,918,19,639,104.344832591,19,415.0,415.0,12,"yoghurt, small individual",201601.0,211814
919,919,20,311,107.018654509,311,,,1,"yoghurt, small individual",201602.0,211814
920,920,21,312,104.649132951,312,,,2,"yoghurt, small individual",201603.0,211814
921,921,22,313,100.874250959,313,,,3,"yoghurt, small individual",201604.0,211814
922,922,23,314,93.2131954773,314,,,4,"yoghurt, small individual",201605.0,211814
923,923,24,315,91.899809233,315,,,5,"yoghurt, small individual",201606.0,211814
924,924,25,316,92.0839962186,316,,,6,"yoghurt, small individual",201607.0,211814
925,925,26,317,90.8199709909,317,,,7,"yoghurt, small individual",201608.0,211814
926,926,27,318,95.7805030568,318,,,8,"yoghurt, small individual",201610.0,211814
927,927,28,319,96.3032120389,319,,,9,"yoghurt, small individual",201611.0,211814
928,928,0,640,100.0,0,256.0,256.0,0,yoghurt/fromage frais,201406.0,211807
929,929,1,641,101.462546202,1,257.0,257.0,1,yoghurt/fromage frais,201407.0,211807
930,930,2,642,95.8108011429,2,258.0,258.0,2,yoghurt/fromage frais,201408.0,211807
931,931,3,643,98.6238264243,3,259.0,259.0,3,yoghurt/fromage frais,201409.0,211807
932,932,4,644,97.3865606939,4,260.0,260.0,4,yoghurt/fromage frais,201410.0,211807
933,933,5,645,101.142230334,5,261.0,261.0,5,yoghurt/fromage frais,201411.0,211807
934,934,6,646,101.764689254,6,262.0,262.0,6,yoghurt/fromage frais,201412.0,211807
935,935,7,647,87.8977602506,7,263.0,263.0,7,yoghurt/fromage frais,201501.0,211807
936,936,8,648,103.072514888,8,417.0,417.0,1,yoghurt/fromage frais,201502.0,211807
937,937,9,649,102.91845765,9,418.0,418.0,2,yoghurt/fromage frais,201503.0,211807
938,938,10,650,104.477518233,10,419.0,419.0,3,yoghurt/fromage frais,201504.0,211807
939,939,11,651,101.569970271,11,420.0,420.0,4,yoghurt/fromage frais,201505.0,211807
940,940,12,652,100.927974953,12,421.0,421.0,5,yoghurt/fromage frais,201506.0,211807
941,941,13,653,100.639782539,13,422.0,422.0,6,yoghurt/fromage frais,201507.0,211807
942,942,14,654,100.032452159,14,423.0,423.0,7,yoghurt/fromage frais,201508.0,211807
943,943,15,655,98.0269979616,15,424.0,424.0,8,yoghurt/fromage frais,201509.0,211807
944,944,16,656,93.0005290825,16,425.0,425.0,9,yoghurt/fromage frais,201510.0,211807
945,945,17,657,99.5156265249,17,426.0,426.0,10,yoghurt/fromage frais,201511.0,211807
946,946,18,658,103.438707661,18,427.0,427.0,11,yoghurt/fromage frais,201512.0,211807
947,947,19,659,99.0805190105,19,428.0,428.0,12,yoghurt/fromage frais,201601.0,211807
948,948,20,321,98.9632762926,321,,,1,yoghurt/fromage frais,201602.0,211807
949,949,21,322,105.893796135,322,,,2,yoghurt/fromage frais,201603.0,211807
950,950,22,323,103.718415747,323,,,3,yoghurt/fromage frais,201604.0,211807
951,951,23,324,99.0231029194,324,,,4,yoghurt/fromage frais,201605.0,211807
952,952,24,325,93.8478132486,325,,,5,yoghurt/fromage frais,201606.0,211807
953,953,25,326,94.3341759162,326,,,6,yoghurt/fromage frais,201607.0,211807
954,954,26,327,98.4172098556,327,,,7,yoghurt/fromage frais,201608.0,211807
955,955,27,328,100.247092604,328,,,8,yoghurt/fromage frais,201610.0,211807
956,956,28,329,100.017941866,329,,,9,yoghurt/fromage frais,201611.0,211807
