,level_3,period,weighted_index
0,alcoholic_drinks ,20140601,100
1,alcoholic_drinks ,20140602,100.359698964
2,alcoholic_drinks ,20140603,100.004332764
3,alcoholic_drinks ,20140604,100.166205282
4,alcoholic_drinks ,20140605,100.025635466
5,alcoholic_drinks ,20140606,100.006577083
6,alcoholic_drinks ,20140607,100.008313004
7,alcoholic_drinks ,20140608,100.008313004
8,alcoholic_drinks ,20140609,100.039004586
9,alcoholic_drinks ,20140610,99.8326281166
10,alcoholic_drinks ,20140611,101.292321934
11,alcoholic_drinks ,20140612,99.5454917297
12,alcoholic_drinks ,20140613,99.5566096367
13,alcoholic_drinks ,20140614,99.4944084149
14,alcoholic_drinks ,20140615,99.5381548749
15,alcoholic_drinks ,20140616,100.031284565
16,alcoholic_drinks ,20140617,99.8153283106
17,alcoholic_drinks ,20140618,100.074604085
18,alcoholic_drinks ,20140619,99.7921881996
19,alcoholic_drinks ,20140620,99.7380479918
20,alcoholic_drinks ,20140621,99.7288752727
21,alcoholic_drinks ,20140622,99.7288752727
22,alcoholic_drinks ,20140623,99.7163764661
23,alcoholic_drinks ,20140624,99.7162890658
24,alcoholic_drinks ,20140625,100.079820061
25,alcoholic_drinks ,20140626,99.7767784496
26,alcoholic_drinks ,20140627,99.8463951028
27,alcoholic_drinks ,20140628,99.7686802581
28,alcoholic_drinks ,20140629,99.7686802581
29,alcoholic_drinks ,20140630,99.7686802581
30,alcoholic_drinks ,20140701,99.7686802581
31,alcoholic_drinks ,20140702,99.7686802581
32,alcoholic_drinks ,20140703,99.7686802581
33,alcoholic_drinks ,20140704,99.7686802581
34,alcoholic_drinks ,20140705,99.7686802581
35,alcoholic_drinks ,20140706,99.7686802581
36,alcoholic_drinks ,20140707,99.7686802581
37,alcoholic_drinks ,20140708,100.02185543
38,alcoholic_drinks ,20140709,100.108480319
39,alcoholic_drinks ,20140710,99.7598291746
40,alcoholic_drinks ,20140711,99.796926724
41,alcoholic_drinks ,20140712,99.7751334236
42,alcoholic_drinks ,20140713,99.8146552342
43,alcoholic_drinks ,20140714,99.8146552342
44,alcoholic_drinks ,20140715,99.8254601828
45,alcoholic_drinks ,20140716,100.294807953
46,alcoholic_drinks ,20140717,100.294807953
47,alcoholic_drinks ,20140718,100.144854759
48,alcoholic_drinks ,20140719,100.144854759
49,alcoholic_drinks ,20140720,100.132578457
50,alcoholic_drinks ,20140721,100.132578457
51,alcoholic_drinks ,20140722,100.340254338
52,alcoholic_drinks ,20140723,102.149430823
53,alcoholic_drinks ,20140724,102.149430823
54,alcoholic_drinks ,20140725,102.149430823
55,alcoholic_drinks ,20140726,102.149430823
56,alcoholic_drinks ,20140727,102.149430823
57,alcoholic_drinks ,20140728,102.158046354
58,alcoholic_drinks ,20140729,102.158046354
59,alcoholic_drinks ,20140730,100.860191907
60,alcoholic_drinks ,20140731,100.869368551
61,alcoholic_drinks ,20140801,100.854286474
62,alcoholic_drinks ,20140802,100.885875497
63,alcoholic_drinks ,20140803,100.862952489
64,alcoholic_drinks ,20140804,100.862952489
65,alcoholic_drinks ,20140805,100.909124233
66,alcoholic_drinks ,20140806,100.961057703
67,alcoholic_drinks ,20140807,100.821713977
68,alcoholic_drinks ,20140808,100.594403741
69,alcoholic_drinks ,20140809,100.664505243
70,alcoholic_drinks ,20140810,100.643040212
71,alcoholic_drinks ,20140811,100.643040212
72,alcoholic_drinks ,20140812,102.10604588
73,alcoholic_drinks ,20140813,100.7452657
74,alcoholic_drinks ,20140814,100.727917467
75,alcoholic_drinks ,20140815,100.41411486
76,alcoholic_drinks ,20140816,100.163494541
77,alcoholic_drinks ,20140817,100.161733006
78,alcoholic_drinks ,20140818,100.161733006
79,alcoholic_drinks ,20140819,100.028109163
80,alcoholic_drinks ,20140820,100.028109163
81,alcoholic_drinks ,20140821,99.955278183
82,alcoholic_drinks ,20140822,99.9454053073
83,alcoholic_drinks ,20140823,99.9454053073
84,alcoholic_drinks ,20140824,99.9390787953
85,alcoholic_drinks ,20140825,100.081350218
86,alcoholic_drinks ,20140826,99.7198963023
87,alcoholic_drinks ,20140827,99.9266492019
88,alcoholic_drinks ,20140828,99.878564094
89,alcoholic_drinks ,20140829,99.8442137754
90,alcoholic_drinks ,20140830,99.8296699637
91,alcoholic_drinks ,20140831,99.8296699637
92,alcoholic_drinks ,20140901,99.8296699637
93,alcoholic_drinks ,20140902,99.8258643588
94,alcoholic_drinks ,20140903,101.699668286
95,alcoholic_drinks ,20140904,99.3962882637
96,alcoholic_drinks ,20140905,99.0845808966
97,alcoholic_drinks ,20140906,98.976327784
98,alcoholic_drinks ,20140907,98.9651910419
99,alcoholic_drinks ,20140908,98.9652034903
100,alcoholic_drinks ,20140909,98.8251178807
101,alcoholic_drinks ,20140910,98.8494885879
102,alcoholic_drinks ,20140911,98.8494885879
103,alcoholic_drinks ,20140912,98.8625208568
104,alcoholic_drinks ,20140913,98.8370374757
105,alcoholic_drinks ,20140914,98.8152071104
106,alcoholic_drinks ,20140915,98.8383806932
107,alcoholic_drinks ,20140916,98.6959987249
108,alcoholic_drinks ,20140917,98.7855796424
109,alcoholic_drinks ,20140918,98.6068938129
110,alcoholic_drinks ,20140919,98.6370942711
111,alcoholic_drinks ,20140920,98.6459533849
112,alcoholic_drinks ,20140921,98.6459533849
113,alcoholic_drinks ,20140922,98.6459533849
114,alcoholic_drinks ,20140923,98.6459533849
115,alcoholic_drinks ,20140924,101.829286241
116,alcoholic_drinks ,20140925,101.829286241
117,alcoholic_drinks ,20140926,99.7309164006
118,alcoholic_drinks ,20140927,99.7406198867
119,alcoholic_drinks ,20140928,99.7193901806
120,alcoholic_drinks ,20140929,99.718304499
121,alcoholic_drinks ,20140930,99.7237863501
122,alcoholic_drinks ,20141001,99.7751133316
123,alcoholic_drinks ,20141002,99.7562860319
124,alcoholic_drinks ,20141003,99.7169559424
125,alcoholic_drinks ,20141004,99.6808292945
126,alcoholic_drinks ,20141005,99.6808292945
127,alcoholic_drinks ,20141006,99.7207863562
128,alcoholic_drinks ,20141007,99.7599913517
129,alcoholic_drinks ,20141008,99.6979870384
130,alcoholic_drinks ,20141009,99.6982970401
131,alcoholic_drinks ,20141010,99.7082720268
132,alcoholic_drinks ,20141011,99.7096017462
133,alcoholic_drinks ,20141012,99.7096017462
134,alcoholic_drinks ,20141013,99.723240619
135,alcoholic_drinks ,20141014,99.7410607099
136,alcoholic_drinks ,20141015,101.371037425
137,alcoholic_drinks ,20141016,99.8725771242
138,alcoholic_drinks ,20141017,99.8535130966
139,alcoholic_drinks ,20141018,99.8484950184
140,alcoholic_drinks ,20141019,99.84371151
141,alcoholic_drinks ,20141020,99.863250885
142,alcoholic_drinks ,20141021,99.8303473401
143,alcoholic_drinks ,20141022,99.8303473401
144,alcoholic_drinks ,20141023,99.3670218992
145,alcoholic_drinks ,20141024,99.3632798658
146,alcoholic_drinks ,20141025,99.3491810933
147,alcoholic_drinks ,20141026,99.3491810933
148,alcoholic_drinks ,20141027,99.3433283701
149,alcoholic_drinks ,20141028,99.2192103413
150,alcoholic_drinks ,20141029,98.9214851052
151,alcoholic_drinks ,20141030,98.6426044776
152,alcoholic_drinks ,20141031,98.6460667912
153,alcoholic_drinks ,20141101,98.629403217
154,alcoholic_drinks ,20141102,98.6340552957
155,alcoholic_drinks ,20141103,98.6580714428
156,alcoholic_drinks ,20141104,98.6612954972
157,alcoholic_drinks ,20141105,98.1832007215
158,alcoholic_drinks ,20141106,98.1422709171
159,alcoholic_drinks ,20141107,98.1459346803
160,alcoholic_drinks ,20141108,98.0439727093
161,alcoholic_drinks ,20141109,97.973272035
162,alcoholic_drinks ,20141110,97.9503013004
163,alcoholic_drinks ,20141111,97.90941227
164,alcoholic_drinks ,20141112,98.4567757603
165,alcoholic_drinks ,20141113,97.8268246638
166,alcoholic_drinks ,20141114,97.8633825658
167,alcoholic_drinks ,20141115,97.8575507742
168,alcoholic_drinks ,20141116,97.8463726313
169,alcoholic_drinks ,20141117,97.8390682892
170,alcoholic_drinks ,20141118,97.9838413889
171,alcoholic_drinks ,20141119,98.2143008007
172,alcoholic_drinks ,20141120,97.963659609
173,alcoholic_drinks ,20141121,97.9783785287
174,alcoholic_drinks ,20141122,97.9795659606
175,alcoholic_drinks ,20141123,97.9795659606
176,alcoholic_drinks ,20141124,97.9795659606
177,alcoholic_drinks ,20141125,98.0051360602
178,alcoholic_drinks ,20141126,98.0051360602
179,alcoholic_drinks ,20141127,100.341964845
180,alcoholic_drinks ,20141128,97.1750016389
181,alcoholic_drinks ,20141129,97.1234758446
182,alcoholic_drinks ,20141130,97.0735997959
183,alcoholic_drinks ,20141201,97.060664887
184,alcoholic_drinks ,20141202,97.060664887
185,alcoholic_drinks ,20141203,97.8584940233
186,alcoholic_drinks ,20141204,97.0801699632
187,alcoholic_drinks ,20141205,97.0663137844
188,alcoholic_drinks ,20141206,96.9239136804
189,alcoholic_drinks ,20141207,96.8927250492
190,alcoholic_drinks ,20141208,96.8693937481
191,alcoholic_drinks ,20141209,96.1459525718
192,alcoholic_drinks ,20141210,96.315098037
193,alcoholic_drinks ,20141211,96.0008512779
194,alcoholic_drinks ,20141212,96.0009036111
195,alcoholic_drinks ,20141213,96.0009036111
196,alcoholic_drinks ,20141214,96.0009036111
197,alcoholic_drinks ,20141215,96.0009036111
198,alcoholic_drinks ,20141216,95.7354862152
199,alcoholic_drinks ,20141217,98.2827658213
200,alcoholic_drinks ,20141218,95.8966896136
201,alcoholic_drinks ,20141219,95.8600660234
202,alcoholic_drinks ,20141220,95.7772092589
203,alcoholic_drinks ,20141221,95.7458554946
204,alcoholic_drinks ,20141222,95.7556033373
205,alcoholic_drinks ,20141223,95.7540010024
206,alcoholic_drinks ,20141224,95.9302055737
207,alcoholic_drinks ,20141225,95.7388528324
208,alcoholic_drinks ,20141226,95.7292868368
209,alcoholic_drinks ,20141227,95.7948509404
210,alcoholic_drinks ,20141228,95.7938237589
211,alcoholic_drinks ,20141229,95.6856413147
212,alcoholic_drinks ,20141230,95.6757174421
213,alcoholic_drinks ,20141231,95.7448208363
214,alcoholic_drinks ,20150101,96.9033432561
215,alcoholic_drinks ,20150102,97.1063332205
216,alcoholic_drinks ,20150103,97.58777306
217,alcoholic_drinks ,20150104,97.3052025199
218,alcoholic_drinks ,20150105,97.3052025199
219,alcoholic_drinks ,20150106,97.3425314074
220,alcoholic_drinks ,20150107,98.1839582994
221,alcoholic_drinks ,20150108,97.9805666225
222,alcoholic_drinks ,20150109,97.984010545
223,alcoholic_drinks ,20150110,98.004518066
224,alcoholic_drinks ,20150111,97.9941144701
225,alcoholic_drinks ,20150112,97.9984159416
226,alcoholic_drinks ,20150113,97.9409594555
227,alcoholic_drinks ,20150114,98.1096574462
228,alcoholic_drinks ,20150115,98.0928088869
229,alcoholic_drinks ,20150116,98.0919478754
230,alcoholic_drinks ,20150117,98.1281232945
231,alcoholic_drinks ,20150118,98.1341787929
232,alcoholic_drinks ,20150119,98.139838785
233,alcoholic_drinks ,20150120,98.0465322022
234,alcoholic_drinks ,20150121,98.0577581328
235,alcoholic_drinks ,20150122,98.0697595508
236,alcoholic_drinks ,20150123,98.0177343645
237,alcoholic_drinks ,20150124,98.0177343645
238,alcoholic_drinks ,20150125,98.090216148
239,alcoholic_drinks ,20150126,98.0798840363
240,alcoholic_drinks ,20150127,98.0056896001
241,alcoholic_drinks ,20150128,99.760372093
242,alcoholic_drinks ,20150129,98.0096876255
243,alcoholic_drinks ,20150130,98.2817319229
244,alcoholic_drinks ,20150131,98.2858236203
245,alcoholic_drinks ,20150201,98.2939317021
246,alcoholic_drinks ,20150202,98.2698395909
247,alcoholic_drinks ,20150203,98.2874538181
248,alcoholic_drinks ,20150204,98.3106720922
249,alcoholic_drinks ,20150205,98.2296813683
250,alcoholic_drinks ,20150206,98.31197351
251,alcoholic_drinks ,20150207,98.3278274768
252,alcoholic_drinks ,20150208,98.3537265601
253,alcoholic_drinks ,20150209,98.3601536278
254,alcoholic_drinks ,20150210,98.3601536278
255,alcoholic_drinks ,20150211,98.0547410501
256,alcoholic_drinks ,20150212,98.0986333064
257,alcoholic_drinks ,20150213,98.0993087969
258,alcoholic_drinks ,20150214,97.9482875155
259,alcoholic_drinks ,20150215,97.8773176862
260,alcoholic_drinks ,20150216,97.8662465546
261,alcoholic_drinks ,20150217,97.8715601047
262,alcoholic_drinks ,20150218,98.0616347625
263,alcoholic_drinks ,20150219,98.0760511455
264,alcoholic_drinks ,20150220,98.0626680328
265,alcoholic_drinks ,20150221,98.0687399098
266,alcoholic_drinks ,20150222,98.0730632795
267,alcoholic_drinks ,20150223,98.0313487697
268,alcoholic_drinks ,20150224,97.9915224909
269,alcoholic_drinks ,20150225,97.981127499
270,alcoholic_drinks ,20150226,98.005291897
271,alcoholic_drinks ,20150227,97.9954786093
272,alcoholic_drinks ,20150228,97.9939821266
273,alcoholic_drinks ,20150301,97.993247657
274,alcoholic_drinks ,20150302,97.9894953907
275,alcoholic_drinks ,20150303,98.0145491569
276,alcoholic_drinks ,20150304,98.013882562
277,alcoholic_drinks ,20150305,98.1205199762
278,alcoholic_drinks ,20150306,98.1401973126
279,alcoholic_drinks ,20150307,98.1349514932
280,alcoholic_drinks ,20150308,98.1363232379
281,alcoholic_drinks ,20150309,98.1786761187
282,alcoholic_drinks ,20150310,98.4438422594
283,alcoholic_drinks ,20150311,98.463831646
284,alcoholic_drinks ,20150312,97.4155270961
285,alcoholic_drinks ,20150313,97.4641844016
286,alcoholic_drinks ,20150314,97.4804624207
287,alcoholic_drinks ,20150315,97.5001848949
288,alcoholic_drinks ,20150316,97.6264387441
289,alcoholic_drinks ,20150317,97.6405006383
290,alcoholic_drinks ,20150318,97.6418924052
291,alcoholic_drinks ,20150319,97.6138056162
292,alcoholic_drinks ,20150320,97.594349147
293,alcoholic_drinks ,20150321,97.6086679445
294,alcoholic_drinks ,20150322,97.6099916705
295,alcoholic_drinks ,20150323,97.6056042688
296,alcoholic_drinks ,20150324,97.6038067351
297,alcoholic_drinks ,20150325,97.6097998733
298,alcoholic_drinks ,20150326,97.4835448682
299,alcoholic_drinks ,20150327,97.4742576563
300,alcoholic_drinks ,20150328,97.4613997557
301,alcoholic_drinks ,20150329,97.4754546845
302,alcoholic_drinks ,20150330,97.4747973341
303,alcoholic_drinks ,20150331,95.5373458595
304,alcoholic_drinks ,20150401,95.711933572
305,alcoholic_drinks ,20150402,95.7290610282
306,alcoholic_drinks ,20150403,95.78559588
307,alcoholic_drinks ,20150404,95.779079819
308,alcoholic_drinks ,20150405,95.779079819
309,alcoholic_drinks ,20150406,95.779079819
310,alcoholic_drinks ,20150407,96.0353761281
311,alcoholic_drinks ,20150408,95.9951732633
312,alcoholic_drinks ,20150409,95.9823773335
313,alcoholic_drinks ,20150410,95.9711818916
314,alcoholic_drinks ,20150411,95.9173921428
315,alcoholic_drinks ,20150412,95.8943357222
316,alcoholic_drinks ,20150413,95.9015243433
317,alcoholic_drinks ,20150414,95.8854050208
318,alcoholic_drinks ,20150415,95.8280452685
319,alcoholic_drinks ,20150416,95.8290862198
320,alcoholic_drinks ,20150417,95.8189629314
321,alcoholic_drinks ,20150418,95.8124654552
322,alcoholic_drinks ,20150419,95.8246220857
323,alcoholic_drinks ,20150420,95.7938528055
324,alcoholic_drinks ,20150421,95.7260560325
325,alcoholic_drinks ,20150422,98.0799341861
326,alcoholic_drinks ,20150423,98.0832123274
327,alcoholic_drinks ,20150424,98.0832123274
328,alcoholic_drinks ,20150425,98.1150760844
329,alcoholic_drinks ,20150426,98.098828252
330,alcoholic_drinks ,20150427,98.0181531075
331,alcoholic_drinks ,20150428,98.0698449153
332,alcoholic_drinks ,20150429,97.8677706439
333,alcoholic_drinks ,20150430,97.8663016772
334,alcoholic_drinks ,20150501,97.8381639288
335,alcoholic_drinks ,20150502,97.823233836
336,alcoholic_drinks ,20150503,97.8247279476
337,alcoholic_drinks ,20150504,97.8117186338
338,alcoholic_drinks ,20150505,97.8386458123
339,alcoholic_drinks ,20150506,97.8006752045
340,alcoholic_drinks ,20150507,97.7456074722
341,alcoholic_drinks ,20150508,97.7555088886
342,alcoholic_drinks ,20150509,97.767798384
343,alcoholic_drinks ,20150510,97.7671558945
344,alcoholic_drinks ,20150511,97.7671558945
345,alcoholic_drinks ,20150512,97.7766406827
346,alcoholic_drinks ,20150513,97.8108289894
347,alcoholic_drinks ,20150514,97.507974897
348,alcoholic_drinks ,20150515,97.4982012245
349,alcoholic_drinks ,20150516,97.4996084021
350,alcoholic_drinks ,20150517,97.5129463946
351,alcoholic_drinks ,20150518,97.4209420647
352,alcoholic_drinks ,20150519,97.1557472715
353,alcoholic_drinks ,20150520,97.1986994991
354,alcoholic_drinks ,20150521,96.819369791
355,alcoholic_drinks ,20150522,96.800223319
356,alcoholic_drinks ,20150523,96.8151092037
357,alcoholic_drinks ,20150524,96.849212864
358,alcoholic_drinks ,20150525,96.8484822245
359,alcoholic_drinks ,20150526,96.8484822245
360,alcoholic_drinks ,20150527,96.8437567277
361,alcoholic_drinks ,20150528,96.9071464171
362,alcoholic_drinks ,20150529,96.9188653951
363,alcoholic_drinks ,20150530,96.9202666488
364,alcoholic_drinks ,20150531,96.9202666488
365,alcoholic_drinks ,20150601,96.9226823923
366,alcoholic_drinks ,20150602,96.9226823923
367,alcoholic_drinks ,20150603,96.632637161
368,alcoholic_drinks ,20150604,96.6211368805
369,alcoholic_drinks ,20150605,96.6034364521
370,alcoholic_drinks ,20150606,96.6007184448
371,alcoholic_drinks ,20150607,96.6051935242
372,alcoholic_drinks ,20150608,96.6051935242
373,alcoholic_drinks ,20150609,96.4782874778
374,alcoholic_drinks ,20150610,96.49447695
375,alcoholic_drinks ,20150611,96.4917852339
376,alcoholic_drinks ,20150612,96.5119944624
377,alcoholic_drinks ,20150613,96.5119944624
378,alcoholic_drinks ,20150614,96.5119944624
379,alcoholic_drinks ,20150615,96.48302222
380,alcoholic_drinks ,20150616,96.48302222
381,alcoholic_drinks ,20150617,96.4899753886
382,alcoholic_drinks ,20150618,96.4899753886
383,alcoholic_drinks ,20150619,96.4899753886
384,alcoholic_drinks ,20150620,96.488597377
385,alcoholic_drinks ,20150621,96.488597377
386,alcoholic_drinks ,20150622,96.3039569791
387,alcoholic_drinks ,20150623,96.3174526624
388,alcoholic_drinks ,20150624,96.5415409136
389,alcoholic_drinks ,20150625,96.5415409136
390,alcoholic_drinks ,20150626,96.5550494111
391,alcoholic_drinks ,20150627,96.5323495926
392,alcoholic_drinks ,20150628,96.6276297759
393,alcoholic_drinks ,20150629,96.5639828424
394,alcoholic_drinks ,20150630,96.5639828424
395,alcoholic_drinks ,20150701,96.5639828424
396,alcoholic_drinks ,20150702,96.5639828424
397,alcoholic_drinks ,20150703,96.5639828424
398,alcoholic_drinks ,20150704,96.5639828424
399,alcoholic_drinks ,20150705,96.6764648082
400,alcoholic_drinks ,20150706,96.7421171089
401,alcoholic_drinks ,20150707,96.9872544593
402,alcoholic_drinks ,20150708,96.9888247482
403,alcoholic_drinks ,20150709,96.9655952876
404,alcoholic_drinks ,20150710,96.9933116147
405,alcoholic_drinks ,20150711,96.9913933008
406,alcoholic_drinks ,20150712,97.0376777563
407,alcoholic_drinks ,20150713,97.0353830961
408,alcoholic_drinks ,20150714,97.0661821374
409,alcoholic_drinks ,20150715,97.0506537463
410,alcoholic_drinks ,20150716,97.0712155687
411,alcoholic_drinks ,20150717,97.0763411396
412,alcoholic_drinks ,20150718,97.0499981493
413,alcoholic_drinks ,20150719,97.0514382964
414,alcoholic_drinks ,20150720,97.0540917215
415,alcoholic_drinks ,20150721,96.8479463566
416,alcoholic_drinks ,20150722,96.8247290614
417,alcoholic_drinks ,20150723,96.831177791
418,alcoholic_drinks ,20150724,96.8434648065
419,alcoholic_drinks ,20150725,96.8195136274
420,alcoholic_drinks ,20150726,96.7236321918
421,alcoholic_drinks ,20150727,96.6875025358
422,alcoholic_drinks ,20150728,96.8392509261
423,alcoholic_drinks ,20150729,96.8364658396
424,alcoholic_drinks ,20150730,96.9022542515
425,alcoholic_drinks ,20150731,96.9049266917
426,alcoholic_drinks ,20150801,96.9192647966
427,alcoholic_drinks ,20150802,96.9273209841
428,alcoholic_drinks ,20150803,96.9359368616
429,alcoholic_drinks ,20150804,96.9335901207
430,alcoholic_drinks ,20150805,96.9554335742
431,alcoholic_drinks ,20150806,96.8643952696
432,alcoholic_drinks ,20150807,96.8509276044
433,alcoholic_drinks ,20150808,96.8111024303
434,alcoholic_drinks ,20150809,96.7923396725
435,alcoholic_drinks ,20150810,96.8466817225
436,alcoholic_drinks ,20150811,96.9216755208
437,alcoholic_drinks ,20150812,96.9300326933
438,alcoholic_drinks ,20150813,96.8187259867
439,alcoholic_drinks ,20150814,96.7650917659
440,alcoholic_drinks ,20150815,96.7391358651
441,alcoholic_drinks ,20150816,96.7287327953
442,alcoholic_drinks ,20150817,96.7287327953
443,alcoholic_drinks ,20150818,96.6599282462
444,alcoholic_drinks ,20150819,96.643296051
445,alcoholic_drinks ,20150820,96.3457979841
446,alcoholic_drinks ,20150821,96.3391916823
447,alcoholic_drinks ,20150822,96.339250953
448,alcoholic_drinks ,20150823,96.3399317669
449,alcoholic_drinks ,20150824,96.3405883413
450,alcoholic_drinks ,20150825,96.4434189765
451,alcoholic_drinks ,20150826,96.4039471158
452,alcoholic_drinks ,20150827,95.9489607122
453,alcoholic_drinks ,20150828,95.9612118287
454,alcoholic_drinks ,20150829,95.9911656876
455,alcoholic_drinks ,20150830,95.9933192934
456,alcoholic_drinks ,20150831,95.9986899572
457,alcoholic_drinks ,20150901,95.9752728815
458,alcoholic_drinks ,20150902,95.9111020721
459,alcoholic_drinks ,20150903,95.9587543245
460,alcoholic_drinks ,20150904,95.7143128177
461,alcoholic_drinks ,20150905,95.1133277772
462,alcoholic_drinks ,20150906,95.1073677294
463,alcoholic_drinks ,20150907,95.0953146353
464,alcoholic_drinks ,20150908,95.08498872
465,alcoholic_drinks ,20150909,95.0518371855
466,alcoholic_drinks ,20150910,95.0484452611
467,alcoholic_drinks ,20150911,95.0387041033
468,alcoholic_drinks ,20150912,95.0463354357
469,alcoholic_drinks ,20150913,95.0441187033
470,alcoholic_drinks ,20150914,95.0441187033
471,alcoholic_drinks ,20150915,94.9040750691
472,alcoholic_drinks ,20150916,94.9313223928
473,alcoholic_drinks ,20150917,94.1560308272
474,alcoholic_drinks ,20150918,94.139431738
475,alcoholic_drinks ,20150919,94.1700601618
476,alcoholic_drinks ,20150920,94.1947350153
477,alcoholic_drinks ,20150921,94.1946990205
478,alcoholic_drinks ,20150922,93.9780748134
479,alcoholic_drinks ,20150923,93.8816315043
480,alcoholic_drinks ,20150924,94.2068719919
481,alcoholic_drinks ,20150925,94.1747158572
482,alcoholic_drinks ,20150926,94.1524489986
483,alcoholic_drinks ,20150927,94.1446015921
484,alcoholic_drinks ,20150928,94.1259601209
485,alcoholic_drinks ,20150929,94.1266971599
486,alcoholic_drinks ,20150930,94.1273810758
487,alcoholic_drinks ,20151001,94.1314078748
488,alcoholic_drinks ,20151002,94.1285652628
489,alcoholic_drinks ,20151003,94.1815809053
490,alcoholic_drinks ,20151004,94.2060824665
491,alcoholic_drinks ,20151005,94.1965881174
492,alcoholic_drinks ,20151006,93.7421691723
493,alcoholic_drinks ,20151007,93.7207282325
494,alcoholic_drinks ,20151008,93.2785725125
495,alcoholic_drinks ,20151009,93.3949491734
496,alcoholic_drinks ,20151010,93.4310004253
497,alcoholic_drinks ,20151011,93.4241846869
498,alcoholic_drinks ,20151012,93.4191200952
499,alcoholic_drinks ,20151013,93.3828431148
500,alcoholic_drinks ,20151014,93.6482081195
501,alcoholic_drinks ,20151015,93.5831356837
502,alcoholic_drinks ,20151016,93.5842349747
503,alcoholic_drinks ,20151017,93.5842349747
504,alcoholic_drinks ,20151018,93.5842349747
505,alcoholic_drinks ,20151019,93.5842349747
506,alcoholic_drinks ,20151020,93.5842349747
507,alcoholic_drinks ,20151021,93.5842349747
508,alcoholic_drinks ,20151022,93.5842349747
509,alcoholic_drinks ,20151023,93.5842349747
510,alcoholic_drinks ,20151104,92.9781102222
511,alcoholic_drinks ,20151105,92.979661851
512,alcoholic_drinks ,20151106,92.9644159475
513,alcoholic_drinks ,20151107,92.9418718715
514,alcoholic_drinks ,20151108,92.9499252757
515,alcoholic_drinks ,20151109,92.9345798718
516,alcoholic_drinks ,20151110,92.9302468982
517,alcoholic_drinks ,20151111,92.6605242333
518,alcoholic_drinks ,20151112,92.6654776078
519,alcoholic_drinks ,20151113,92.6786355724
520,alcoholic_drinks ,20151114,92.6803418938
521,alcoholic_drinks ,20151115,92.6736838888
522,alcoholic_drinks ,20151116,92.6578877183
523,alcoholic_drinks ,20151117,92.6344457145
524,alcoholic_drinks ,20151118,91.5915420334
525,alcoholic_drinks ,20151119,91.4539641905
526,alcoholic_drinks ,20151120,91.4632183438
527,alcoholic_drinks ,20151121,91.4595994846
528,alcoholic_drinks ,20151122,91.434520827
529,alcoholic_drinks ,20151123,91.4321463245
530,alcoholic_drinks ,20151124,91.4321463245
531,alcoholic_drinks ,20151125,91.2109149318
532,alcoholic_drinks ,20151126,91.2169303393
533,alcoholic_drinks ,20151127,91.2012313585
534,alcoholic_drinks ,20151128,91.2146447384
535,alcoholic_drinks ,20151129,91.2146447384
536,alcoholic_drinks ,20151130,91.2039522796
537,alcoholic_drinks ,20151201,91.1860763629
538,alcoholic_drinks ,20151202,91.1149612728
539,alcoholic_drinks ,20151203,91.1250228102
540,alcoholic_drinks ,20151204,91.1250228102
541,alcoholic_drinks ,20151205,91.1250228102
542,alcoholic_drinks ,20151206,91.1147016618
543,alcoholic_drinks ,20151207,91.1168541052
544,alcoholic_drinks ,20151208,90.3624217567
545,alcoholic_drinks ,20151209,90.0195810844
546,alcoholic_drinks ,20151210,90.0195810844
547,alcoholic_drinks ,20151211,89.9922398762
548,alcoholic_drinks ,20151212,89.9661611085
549,alcoholic_drinks ,20151213,89.9494353286
550,alcoholic_drinks ,20151214,89.7939644171
551,alcoholic_drinks ,20151215,89.7939644171
552,alcoholic_drinks ,20151216,89.7331567654
553,alcoholic_drinks ,20151217,89.7645493644
554,alcoholic_drinks ,20151218,89.7662285949
555,alcoholic_drinks ,20151219,89.7109890677
556,alcoholic_drinks ,20151220,89.7039221773
557,alcoholic_drinks ,20151221,89.6939416762
558,alcoholic_drinks ,20151222,89.7349385844
559,alcoholic_drinks ,20151223,89.8107105849
560,alcoholic_drinks ,20151224,89.8556222586
561,alcoholic_drinks ,20151225,89.8753276605
562,alcoholic_drinks ,20151226,89.8753276605
563,alcoholic_drinks ,20151227,89.7848079811
564,alcoholic_drinks ,20151228,89.83138904
565,alcoholic_drinks ,20151229,89.8403917088
566,alcoholic_drinks ,20151230,90.1856425581
567,alcoholic_drinks ,20151231,90.2378044246
568,alcoholic_drinks ,20160101,91.3298026576
569,alcoholic_drinks ,20160102,91.3863866061
570,alcoholic_drinks ,20160103,91.555392235
571,alcoholic_drinks ,20160104,91.9234024834
572,alcoholic_drinks ,20160105,91.9105955856
573,alcoholic_drinks ,20160106,93.329198518
574,alcoholic_drinks ,20160107,93.1689977056
575,alcoholic_drinks ,20160108,93.1283420323
576,alcoholic_drinks ,20160109,93.1450651855
577,alcoholic_drinks ,20160110,93.1765325377
578,alcoholic_drinks ,20160111,93.1987396985
579,alcoholic_drinks ,20160112,93.1933821774
580,alcoholic_drinks ,20160113,93.3997147953
581,alcoholic_drinks ,20160114,93.3997147953
582,alcoholic_drinks ,20160115,93.6529775819
583,alcoholic_drinks ,20160116,93.6869285176
584,alcoholic_drinks ,20160117,93.69125978
585,alcoholic_drinks ,20160118,93.7069178357
586,alcoholic_drinks ,20160119,93.4065197595
587,alcoholic_drinks ,20160120,93.3977063124
588,alcoholic_drinks ,20160121,93.397759227
589,alcoholic_drinks ,20160122,93.3852723822
590,alcoholic_drinks ,20160123,93.3852723822
591,alcoholic_drinks ,20160124,93.4259483227
592,alcoholic_drinks ,20160125,93.4259483227
593,alcoholic_drinks ,20160126,93.4529823133
594,alcoholic_drinks ,20160127,93.4738720591
595,alcoholic_drinks ,20160128,93.2020573431
596,alcoholic_drinks ,20160129,93.3281124418
597,alcoholic_drinks ,20160130,93.3270878634
598,alcoholic_drinks ,20160131,93.3270878634
599,alcoholic_drinks ,20160201,93.3362627884
600,alcoholic_drinks ,20160202,93.2488037065
601,alcoholic_drinks ,20160203,93.2973723452
602,alcoholic_drinks ,20160204,93.3273077121
603,alcoholic_drinks ,20160205,93.3273077121
604,alcoholic_drinks ,20160206,93.3027477461
605,alcoholic_drinks ,20160207,93.3246951163
606,alcoholic_drinks ,20160208,93.3246951163
607,alcoholic_drinks ,20160209,92.7021413615
608,alcoholic_drinks ,20160210,92.5780058161
609,alcoholic_drinks ,20160211,92.588626634
610,alcoholic_drinks ,20160212,92.5523313749
611,alcoholic_drinks ,20160213,92.5523313749
612,alcoholic_drinks ,20160214,92.6305672839
613,alcoholic_drinks ,20160215,92.7093461536
614,alcoholic_drinks ,20160216,92.7478609803
615,alcoholic_drinks ,20160217,92.63899094
616,alcoholic_drinks ,20160218,92.6297720689
617,alcoholic_drinks ,20160219,92.6093136547
618,alcoholic_drinks ,20160220,92.6093136547
619,alcoholic_drinks ,20160221,92.6093136547
620,alcoholic_drinks ,20160222,92.6456245108
621,alcoholic_drinks ,20160223,92.137618587
622,alcoholic_drinks ,20160224,92.1939684074
623,alcoholic_drinks ,20160225,92.2006052423
624,alcoholic_drinks ,20160226,92.2006052423
625,alcoholic_drinks ,20160227,92.1693350868
626,alcoholic_drinks ,20160228,92.1724889453
627,alcoholic_drinks ,20160229,92.1418612431
628,alcoholic_drinks ,20160301,91.2429773314
629,alcoholic_drinks ,20160302,91.5416067099
630,alcoholic_drinks ,20160303,91.555529794
631,alcoholic_drinks ,20160304,91.5399343279
632,alcoholic_drinks ,20160305,91.5399343279
633,alcoholic_drinks ,20160306,91.4984081078
634,alcoholic_drinks ,20160307,91.4823912665
635,alcoholic_drinks ,20160308,91.5887576418
636,alcoholic_drinks ,20160309,91.5618852607
637,alcoholic_drinks ,20160310,91.5618852607
638,alcoholic_drinks ,20160311,91.5618852607
639,alcoholic_drinks ,20160312,91.5618852607
640,alcoholic_drinks ,20160313,91.5618852607
641,alcoholic_drinks ,20160314,91.5618852607
642,alcoholic_drinks ,20160315,91.8497483922
643,alcoholic_drinks ,20160316,91.577950791
644,alcoholic_drinks ,20160317,91.6383733598
645,alcoholic_drinks ,20160318,91.6506713263
646,alcoholic_drinks ,20160319,91.6322630915
647,alcoholic_drinks ,20160320,91.6322630915
648,alcoholic_drinks ,20160321,91.6209636497
649,alcoholic_drinks ,20160322,91.6650719993
650,alcoholic_drinks ,20160323,91.5243180003
651,alcoholic_drinks ,20160324,91.5390526717
652,alcoholic_drinks ,20160325,91.5150753145
653,alcoholic_drinks ,20160326,91.4323800555
654,alcoholic_drinks ,20160327,91.4526340324
655,alcoholic_drinks ,20160328,91.4526340324
656,alcoholic_drinks ,20160329,91.4730969837
657,alcoholic_drinks ,20160330,91.5239126238
658,alcoholic_drinks ,20160331,91.5801589082
659,alcoholic_drinks ,20160401,91.5801589082
660,alcoholic_drinks ,20160402,91.5801589082
661,alcoholic_drinks ,20160403,91.6099047026
662,alcoholic_drinks ,20160404,91.6269609725
663,alcoholic_drinks ,20160405,91.5136753885
664,alcoholic_drinks ,20160406,91.5136753885
665,alcoholic_drinks ,20160407,91.5031716799
666,alcoholic_drinks ,20160408,91.5031716799
667,alcoholic_drinks ,20160409,91.5031716799
668,alcoholic_drinks ,20160410,91.5031716799
669,alcoholic_drinks ,20160411,91.5031716799
670,alcoholic_drinks ,20160412,91.5277850335
671,alcoholic_drinks ,20160413,91.4544771657
672,alcoholic_drinks ,20160414,91.3928668892
673,alcoholic_drinks ,20160415,91.3936652651
674,alcoholic_drinks ,20160416,91.4027323701
675,alcoholic_drinks ,20160417,91.3988386319
676,alcoholic_drinks ,20160418,91.452751093
677,alcoholic_drinks ,20160419,91.4741337015
678,alcoholic_drinks ,20160420,91.4477017053
679,alcoholic_drinks ,20160421,91.4659434575
680,alcoholic_drinks ,20160422,91.4970487633
681,alcoholic_drinks ,20160423,91.4728793337
682,alcoholic_drinks ,20160424,91.4728793337
683,alcoholic_drinks ,20160425,91.4728793337
684,alcoholic_drinks ,20160426,91.6144878231
685,alcoholic_drinks ,20160427,91.6456183446
686,alcoholic_drinks ,20160428,91.6456183446
687,alcoholic_drinks ,20160429,91.6701847964
688,alcoholic_drinks ,20160430,91.6701847964
689,alcoholic_drinks ,20160501,91.6701847964
690,alcoholic_drinks ,20160502,91.6701847964
691,alcoholic_drinks ,20160503,91.6701847964
692,alcoholic_drinks ,20160504,91.6701847964
693,alcoholic_drinks ,20160505,92.2634816004
694,alcoholic_drinks ,20160506,92.2634816004
695,alcoholic_drinks ,20160507,92.2634816004
696,alcoholic_drinks ,20160508,92.2634816004
697,alcoholic_drinks ,20160509,92.2389400891
698,alcoholic_drinks ,20160510,92.2389400891
699,alcoholic_drinks ,20160511,91.9523530594
700,alcoholic_drinks ,20160512,91.9075778419
701,alcoholic_drinks ,20160513,91.9506269073
702,alcoholic_drinks ,20160514,91.8792712673
703,alcoholic_drinks ,20160515,91.9606907963
704,alcoholic_drinks ,20160516,91.9727624871
705,alcoholic_drinks ,20160517,91.9606353125
706,alcoholic_drinks ,20160518,91.9918295485
707,alcoholic_drinks ,20160519,91.9873243024
708,alcoholic_drinks ,20160520,91.9521407604
709,alcoholic_drinks ,20160521,91.9777291572
710,alcoholic_drinks ,20160522,92.0093918327
711,alcoholic_drinks ,20160523,90.7434622726
712,alcoholic_drinks ,20160524,89.960851683
713,alcoholic_drinks ,20160525,89.8844353373
714,alcoholic_drinks ,20160526,89.9490506594
715,alcoholic_drinks ,20160527,89.9225896713
716,alcoholic_drinks ,20160528,89.9916226049
717,alcoholic_drinks ,20160529,89.609525175
718,alcoholic_drinks ,20160530,89.7620297288
719,alcoholic_drinks ,20160531,89.86467046
720,alcoholic_drinks ,20160601,90.0096105869
721,alcoholic_drinks ,20160602,90.0409826249
722,alcoholic_drinks ,20160603,90.0539575148
723,alcoholic_drinks ,20160604,90.0539575148
724,alcoholic_drinks ,20160605,90.0546864307
725,alcoholic_drinks ,20160606,90.1120893402
726,alcoholic_drinks ,20160607,90.0268321255
727,alcoholic_drinks ,20160608,90.0952761768
728,alcoholic_drinks ,20160609,89.7874420553
729,alcoholic_drinks ,20160610,89.7874420553
730,alcoholic_drinks ,20160611,89.8602264753
731,alcoholic_drinks ,20160612,89.590244216
732,alcoholic_drinks ,20160613,89.5626507059
733,alcoholic_drinks ,20160614,89.7229506202
734,alcoholic_drinks ,20160615,89.6903263399
735,alcoholic_drinks ,20160616,89.7853845969
736,alcoholic_drinks ,20160617,89.5367438406
737,alcoholic_drinks ,20160618,89.5902458331
738,alcoholic_drinks ,20160619,89.6808610846
739,alcoholic_drinks ,20160620,90.2750859749
740,alcoholic_drinks ,20160621,90.2568513992
741,alcoholic_drinks ,20160622,90.5027920946
742,alcoholic_drinks ,20160623,90.4187595455
743,alcoholic_drinks ,20160624,90.6318356035
744,alcoholic_drinks ,20160625,90.6318356035
745,alcoholic_drinks ,20160626,90.4643408012
746,alcoholic_drinks ,20160627,90.6573049516
747,alcoholic_drinks ,20160628,90.6263495859
748,alcoholic_drinks ,20160629,91.312784477
749,alcoholic_drinks ,20160630,91.0628030489
750,alcoholic_drinks ,20160701,91.0681507973
751,alcoholic_drinks ,20160702,90.8705202716
752,alcoholic_drinks ,20160703,90.9418292417
753,alcoholic_drinks ,20160704,90.8801041146
754,alcoholic_drinks ,20160705,90.8705460833
755,alcoholic_drinks ,20160706,91.1442984854
756,alcoholic_drinks ,20160707,91.1949680817
757,alcoholic_drinks ,20160708,91.2323561321
758,alcoholic_drinks ,20160709,91.2663707916
759,alcoholic_drinks ,20160710,91.3336766881
760,alcoholic_drinks ,20160711,91.3191237752
761,alcoholic_drinks ,20160712,91.3426877348
762,alcoholic_drinks ,20160713,91.3500413731
763,alcoholic_drinks ,20160714,91.4513748635
764,alcoholic_drinks ,20160715,91.3554132255
765,alcoholic_drinks ,20160716,91.254032014
766,alcoholic_drinks ,20160717,91.241844506
767,alcoholic_drinks ,20160718,91.241844506
768,alcoholic_drinks ,20160719,91.241844506
769,alcoholic_drinks ,20160720,91.2939088498
770,alcoholic_drinks ,20160721,91.2667544465
771,alcoholic_drinks ,20160722,91.2659906032
772,alcoholic_drinks ,20160723,91.3307479378
773,alcoholic_drinks ,20160724,91.2659906032
774,alcoholic_drinks ,20160725,91.088329032
775,alcoholic_drinks ,20160726,91.0210889219
776,alcoholic_drinks ,20160727,91.3331298904
777,alcoholic_drinks ,20160728,90.5475762418
778,alcoholic_drinks ,20160729,90.5336055504
779,alcoholic_drinks ,20160730,90.3574362709
780,alcoholic_drinks ,20160731,90.5568643417
781,alcoholic_drinks ,20160801,90.5151509309
782,alcoholic_drinks ,20160802,90.5255636964
783,alcoholic_drinks ,20160803,90.4709416943
784,alcoholic_drinks ,20160804,90.4314273482
785,alcoholic_drinks ,20160805,90.4264208454
786,alcoholic_drinks ,20160806,90.5557716262
787,alcoholic_drinks ,20160807,90.5729252773
788,alcoholic_drinks ,20160808,90.3814021966
789,alcoholic_drinks ,20161031,89.963756147
790,alcoholic_drinks ,20161101,89.8628353981
791,alcoholic_drinks ,20161103,89.9146403846
792,food_and_non_alcoholic_beverages,20140601,98.0793854033
793,food_and_non_alcoholic_beverages,20140602,98.0793854033
794,food_and_non_alcoholic_beverages,20140603,98.0957801651
795,food_and_non_alcoholic_beverages,20140604,98.3693172295
796,food_and_non_alcoholic_beverages,20140605,98.2705822996
797,food_and_non_alcoholic_beverages,20140606,98.2705822996
798,food_and_non_alcoholic_beverages,20140607,98.2705822996
799,food_and_non_alcoholic_beverages,20140608,98.2705822996
800,food_and_non_alcoholic_beverages,20140609,100.294553301
801,food_and_non_alcoholic_beverages,20140610,100.681558454
802,food_and_non_alcoholic_beverages,20140611,100.631484915
803,food_and_non_alcoholic_beverages,20140612,100.592036259
804,food_and_non_alcoholic_beverages,20140613,100.563991354
805,food_and_non_alcoholic_beverages,20140614,100.565373379
806,food_and_non_alcoholic_beverages,20140615,100.565373379
807,food_and_non_alcoholic_beverages,20140616,100.639141991
808,food_and_non_alcoholic_beverages,20140617,99.9450056356
809,food_and_non_alcoholic_beverages,20140618,100.05089116
810,food_and_non_alcoholic_beverages,20140619,99.5039528236
811,food_and_non_alcoholic_beverages,20140620,99.512179245
812,food_and_non_alcoholic_beverages,20140621,99.5105345073
813,food_and_non_alcoholic_beverages,20140622,99.5105345073
814,food_and_non_alcoholic_beverages,20140623,99.519207971
815,food_and_non_alcoholic_beverages,20140624,99.4196727103
816,food_and_non_alcoholic_beverages,20140625,99.4352078731
817,food_and_non_alcoholic_beverages,20140626,99.3977441899
818,food_and_non_alcoholic_beverages,20140627,99.6027946451
819,food_and_non_alcoholic_beverages,20140628,99.5744322801
820,food_and_non_alcoholic_beverages,20140629,99.5745474581
821,food_and_non_alcoholic_beverages,20140630,100.200380863
822,food_and_non_alcoholic_beverages,20140701,100.200380863
823,food_and_non_alcoholic_beverages,20140702,100.194775584
824,food_and_non_alcoholic_beverages,20140703,100.126666489
825,food_and_non_alcoholic_beverages,20140704,100.13134401
826,food_and_non_alcoholic_beverages,20140705,100.13134401
827,food_and_non_alcoholic_beverages,20140706,100.13134401
828,food_and_non_alcoholic_beverages,20140707,100.135951844
829,food_and_non_alcoholic_beverages,20140708,99.3337736858
830,food_and_non_alcoholic_beverages,20140709,99.9736558233
831,food_and_non_alcoholic_beverages,20140710,99.8545597139
832,food_and_non_alcoholic_beverages,20140711,99.9585772391
833,food_and_non_alcoholic_beverages,20140712,99.9585772391
834,food_and_non_alcoholic_beverages,20140713,99.9585772391
835,food_and_non_alcoholic_beverages,20140714,100.062168648
836,food_and_non_alcoholic_beverages,20140715,99.7320581598
837,food_and_non_alcoholic_beverages,20140716,100.060067585
838,food_and_non_alcoholic_beverages,20140717,100.067287479
839,food_and_non_alcoholic_beverages,20140718,99.9461215133
840,food_and_non_alcoholic_beverages,20140719,99.9461215133
841,food_and_non_alcoholic_beverages,20140720,99.9342977558
842,food_and_non_alcoholic_beverages,20140721,99.9412094793
843,food_and_non_alcoholic_beverages,20140722,99.4379994854
844,food_and_non_alcoholic_beverages,20140723,99.5563788805
845,food_and_non_alcoholic_beverages,20140724,99.5492567628
846,food_and_non_alcoholic_beverages,20140725,99.5572134293
847,food_and_non_alcoholic_beverages,20140726,99.5572134293
848,food_and_non_alcoholic_beverages,20140727,99.5572134293
849,food_and_non_alcoholic_beverages,20140728,99.5572134293
850,food_and_non_alcoholic_beverages,20140729,99.5572134293
851,food_and_non_alcoholic_beverages,20140730,99.6344399682
852,food_and_non_alcoholic_beverages,20140731,99.6033752485
853,food_and_non_alcoholic_beverages,20140801,99.6827777322
854,food_and_non_alcoholic_beverages,20140802,99.68347722
855,food_and_non_alcoholic_beverages,20140803,99.6899121343
856,food_and_non_alcoholic_beverages,20140804,99.8057089118
857,food_and_non_alcoholic_beverages,20140805,99.5305521851
858,food_and_non_alcoholic_beverages,20140806,99.7462194727
859,food_and_non_alcoholic_beverages,20140807,99.3598044098
860,food_and_non_alcoholic_beverages,20140808,99.3132925879
861,food_and_non_alcoholic_beverages,20140809,99.3171794771
862,food_and_non_alcoholic_beverages,20140810,99.3171794771
863,food_and_non_alcoholic_beverages,20140811,99.4997751047
864,food_and_non_alcoholic_beverages,20140812,99.6206901285
865,food_and_non_alcoholic_beverages,20140813,99.3602079684
866,food_and_non_alcoholic_beverages,20140814,99.2897595572
867,food_and_non_alcoholic_beverages,20140815,99.2955227111
868,food_and_non_alcoholic_beverages,20140816,99.2955227111
869,food_and_non_alcoholic_beverages,20140817,99.2989066142
870,food_and_non_alcoholic_beverages,20140818,99.2989066142
871,food_and_non_alcoholic_beverages,20140819,99.9558428079
872,food_and_non_alcoholic_beverages,20140820,99.9558428079
873,food_and_non_alcoholic_beverages,20140821,99.4424237396
874,food_and_non_alcoholic_beverages,20140822,99.452469026
875,food_and_non_alcoholic_beverages,20140823,99.452469026
876,food_and_non_alcoholic_beverages,20140824,99.4595913737
877,food_and_non_alcoholic_beverages,20140825,99.4615444195
878,food_and_non_alcoholic_beverages,20140826,98.8733119572
879,food_and_non_alcoholic_beverages,20140827,99.1471296162
880,food_and_non_alcoholic_beverages,20140828,98.9228767885
881,food_and_non_alcoholic_beverages,20140829,98.9830507991
882,food_and_non_alcoholic_beverages,20140830,98.9664109547
883,food_and_non_alcoholic_beverages,20140831,98.9664109547
884,food_and_non_alcoholic_beverages,20140901,98.9537824209
885,food_and_non_alcoholic_beverages,20140902,98.9178377458
886,food_and_non_alcoholic_beverages,20140903,98.9525061344
887,food_and_non_alcoholic_beverages,20140904,98.9532110361
888,food_and_non_alcoholic_beverages,20140905,98.9027302215
889,food_and_non_alcoholic_beverages,20140906,98.9027302215
890,food_and_non_alcoholic_beverages,20140907,98.9027302215
891,food_and_non_alcoholic_beverages,20140908,98.9287344685
892,food_and_non_alcoholic_beverages,20140909,98.6777117207
893,food_and_non_alcoholic_beverages,20140910,98.8994678411
894,food_and_non_alcoholic_beverages,20140911,98.8994678411
895,food_and_non_alcoholic_beverages,20140912,98.9140762041
896,food_and_non_alcoholic_beverages,20140913,98.8135434467
897,food_and_non_alcoholic_beverages,20140914,98.8199519608
898,food_and_non_alcoholic_beverages,20140915,98.8119699552
899,food_and_non_alcoholic_beverages,20140916,98.7642063081
900,food_and_non_alcoholic_beverages,20140917,99.6834490221
901,food_and_non_alcoholic_beverages,20140918,99.3641623998
902,food_and_non_alcoholic_beverages,20140919,99.3944661879
903,food_and_non_alcoholic_beverages,20140920,99.3645928446
904,food_and_non_alcoholic_beverages,20140921,99.3604033625
905,food_and_non_alcoholic_beverages,20140922,99.5884292371
906,food_and_non_alcoholic_beverages,20140923,99.486591237
907,food_and_non_alcoholic_beverages,20140924,99.4831066319
908,food_and_non_alcoholic_beverages,20140925,99.4831066319
909,food_and_non_alcoholic_beverages,20140926,99.5981786732
910,food_and_non_alcoholic_beverages,20140927,99.6469225859
911,food_and_non_alcoholic_beverages,20140928,99.6469225859
912,food_and_non_alcoholic_beverages,20140929,99.6469225859
913,food_and_non_alcoholic_beverages,20140930,99.5810944265
914,food_and_non_alcoholic_beverages,20141001,99.8935188537
915,food_and_non_alcoholic_beverages,20141002,99.3748259312
916,food_and_non_alcoholic_beverages,20141003,99.4058398069
917,food_and_non_alcoholic_beverages,20141004,99.3704578379
918,food_and_non_alcoholic_beverages,20141005,99.3704578379
919,food_and_non_alcoholic_beverages,20141006,99.6069818674
920,food_and_non_alcoholic_beverages,20141007,99.1616995712
921,food_and_non_alcoholic_beverages,20141008,99.3111690167
922,food_and_non_alcoholic_beverages,20141009,98.8899956277
923,food_and_non_alcoholic_beverages,20141010,98.8635188078
924,food_and_non_alcoholic_beverages,20141011,98.8687646196
925,food_and_non_alcoholic_beverages,20141012,98.8900421062
926,food_and_non_alcoholic_beverages,20141013,98.8900421062
927,food_and_non_alcoholic_beverages,20141014,98.8046886102
928,food_and_non_alcoholic_beverages,20141015,98.889882928
929,food_and_non_alcoholic_beverages,20141016,98.889882928
930,food_and_non_alcoholic_beverages,20141017,98.88936437
931,food_and_non_alcoholic_beverages,20141018,98.88936437
932,food_and_non_alcoholic_beverages,20141019,98.9267290112
933,food_and_non_alcoholic_beverages,20141020,98.9646122605
934,food_and_non_alcoholic_beverages,20141021,99.1335033993
935,food_and_non_alcoholic_beverages,20141022,99.1335033993
936,food_and_non_alcoholic_beverages,20141023,98.7290380242
937,food_and_non_alcoholic_beverages,20141024,98.8371383311
938,food_and_non_alcoholic_beverages,20141025,98.7423524248
939,food_and_non_alcoholic_beverages,20141026,98.6932646996
940,food_and_non_alcoholic_beverages,20141027,98.6825686038
941,food_and_non_alcoholic_beverages,20141028,98.7369400708
942,food_and_non_alcoholic_beverages,20141029,99.0795187877
943,food_and_non_alcoholic_beverages,20141030,99.0010801121
944,food_and_non_alcoholic_beverages,20141031,98.9915850642
945,food_and_non_alcoholic_beverages,20141101,99.0349809209
946,food_and_non_alcoholic_beverages,20141102,99.0505515296
947,food_and_non_alcoholic_beverages,20141103,98.7735590948
948,food_and_non_alcoholic_beverages,20141104,98.8385257864
949,food_and_non_alcoholic_beverages,20141105,98.827132811
950,food_and_non_alcoholic_beverages,20141106,99.0344770703
951,food_and_non_alcoholic_beverages,20141107,99.275591219
952,food_and_non_alcoholic_beverages,20141108,99.2626940778
953,food_and_non_alcoholic_beverages,20141109,99.2626940778
954,food_and_non_alcoholic_beverages,20141110,99.2386838877
955,food_and_non_alcoholic_beverages,20141111,99.2695794509
956,food_and_non_alcoholic_beverages,20141112,99.5609924797
957,food_and_non_alcoholic_beverages,20141113,99.2275519876
958,food_and_non_alcoholic_beverages,20141114,99.2683183139
959,food_and_non_alcoholic_beverages,20141115,99.2436866743
960,food_and_non_alcoholic_beverages,20141116,99.2382234559
961,food_and_non_alcoholic_beverages,20141117,99.9774227791
962,food_and_non_alcoholic_beverages,20141118,99.7466674988
963,food_and_non_alcoholic_beverages,20141119,99.764496644
964,food_and_non_alcoholic_beverages,20141120,99.6108027913
965,food_and_non_alcoholic_beverages,20141121,99.7657693984
966,food_and_non_alcoholic_beverages,20141122,99.7696995631
967,food_and_non_alcoholic_beverages,20141123,99.7696995631
968,food_and_non_alcoholic_beverages,20141124,99.8101544084
969,food_and_non_alcoholic_beverages,20141125,99.9424214566
970,food_and_non_alcoholic_beverages,20141126,99.9424214566
971,food_and_non_alcoholic_beverages,20141127,100.019183805
972,food_and_non_alcoholic_beverages,20141128,100.056755167
973,food_and_non_alcoholic_beverages,20141129,100.056755167
974,food_and_non_alcoholic_beverages,20141130,100.065209689
975,food_and_non_alcoholic_beverages,20141201,100.227795032
976,food_and_non_alcoholic_beverages,20141202,100.227795032
977,food_and_non_alcoholic_beverages,20141203,100.099539592
978,food_and_non_alcoholic_beverages,20141204,99.3877973286
979,food_and_non_alcoholic_beverages,20141205,99.3801303368
980,food_and_non_alcoholic_beverages,20141206,99.5590153015
981,food_and_non_alcoholic_beverages,20141207,99.5458494413
982,food_and_non_alcoholic_beverages,20141208,99.5061205508
983,food_and_non_alcoholic_beverages,20141209,99.3695594723
984,food_and_non_alcoholic_beverages,20141210,99.5461262036
985,food_and_non_alcoholic_beverages,20141211,99.4102842907
986,food_and_non_alcoholic_beverages,20141212,99.4102842907
987,food_and_non_alcoholic_beverages,20141213,99.4102842907
988,food_and_non_alcoholic_beverages,20141214,99.4102842907
989,food_and_non_alcoholic_beverages,20141215,99.4102842907
990,food_and_non_alcoholic_beverages,20141216,100.087996942
991,food_and_non_alcoholic_beverages,20141217,100.16133374
992,food_and_non_alcoholic_beverages,20141218,100.088693697
993,food_and_non_alcoholic_beverages,20141219,100.108421919
994,food_and_non_alcoholic_beverages,20141220,100.125105055
995,food_and_non_alcoholic_beverages,20141221,100.125105055
996,food_and_non_alcoholic_beverages,20141222,100.126815983
997,food_and_non_alcoholic_beverages,20141223,100.118014892
998,food_and_non_alcoholic_beverages,20141224,100.406604644
999,food_and_non_alcoholic_beverages,20141225,100.326935415
1000,food_and_non_alcoholic_beverages,20141226,100.415859484
1001,food_and_non_alcoholic_beverages,20141227,100.37783935
1002,food_and_non_alcoholic_beverages,20141228,100.36915613
1003,food_and_non_alcoholic_beverages,20141229,100.579301801
1004,food_and_non_alcoholic_beverages,20141230,100.442416386
1005,food_and_non_alcoholic_beverages,20141231,100.242521726
1006,food_and_non_alcoholic_beverages,20150101,99.4149805421
1007,food_and_non_alcoholic_beverages,20150102,99.69851059
1008,food_and_non_alcoholic_beverages,20150103,99.3910132837
1009,food_and_non_alcoholic_beverages,20150104,99.3687648851
1010,food_and_non_alcoholic_beverages,20150105,99.3687648851
1011,food_and_non_alcoholic_beverages,20150106,99.2416106114
1012,food_and_non_alcoholic_beverages,20150107,98.9581808028
1013,food_and_non_alcoholic_beverages,20150108,98.8129878653
1014,food_and_non_alcoholic_beverages,20150109,98.8095390023
1015,food_and_non_alcoholic_beverages,20150110,98.8072116057
1016,food_and_non_alcoholic_beverages,20150111,98.8039864342
1017,food_and_non_alcoholic_beverages,20150112,99.0011705182
1018,food_and_non_alcoholic_beverages,20150113,98.5479872679
1019,food_and_non_alcoholic_beverages,20150114,98.3767428561
1020,food_and_non_alcoholic_beverages,20150115,97.743004531
1021,food_and_non_alcoholic_beverages,20150116,97.6568066076
1022,food_and_non_alcoholic_beverages,20150117,97.6094257248
1023,food_and_non_alcoholic_beverages,20150118,97.6094257248
1024,food_and_non_alcoholic_beverages,20150119,97.6094257248
1025,food_and_non_alcoholic_beverages,20150120,97.6750254627
1026,food_and_non_alcoholic_beverages,20150121,98.0634648513
1027,food_and_non_alcoholic_beverages,20150122,97.4296231594
1028,food_and_non_alcoholic_beverages,20150123,97.2745160493
1029,food_and_non_alcoholic_beverages,20150124,97.2764361199
1030,food_and_non_alcoholic_beverages,20150125,97.3153677795
1031,food_and_non_alcoholic_beverages,20150126,97.5486869336
1032,food_and_non_alcoholic_beverages,20150127,97.4045347379
1033,food_and_non_alcoholic_beverages,20150128,98.2424274182
1034,food_and_non_alcoholic_beverages,20150129,98.2364273368
1035,food_and_non_alcoholic_beverages,20150130,98.8520137107
1036,food_and_non_alcoholic_beverages,20150131,98.8515508044
1037,food_and_non_alcoholic_beverages,20150201,98.8515508044
1038,food_and_non_alcoholic_beverages,20150202,98.8633724293
1039,food_and_non_alcoholic_beverages,20150203,98.910220667
1040,food_and_non_alcoholic_beverages,20150204,98.8903963895
1041,food_and_non_alcoholic_beverages,20150205,97.9930146007
1042,food_and_non_alcoholic_beverages,20150206,97.8291271504
1043,food_and_non_alcoholic_beverages,20150207,97.8323564999
1044,food_and_non_alcoholic_beverages,20150208,97.8196641223
1045,food_and_non_alcoholic_beverages,20150209,97.77905664
1046,food_and_non_alcoholic_beverages,20150210,97.77905664
1047,food_and_non_alcoholic_beverages,20150211,97.7980838052
1048,food_and_non_alcoholic_beverages,20150212,97.8731549692
1049,food_and_non_alcoholic_beverages,20150213,97.797288712
1050,food_and_non_alcoholic_beverages,20150214,97.6744479825
1051,food_and_non_alcoholic_beverages,20150215,97.7344654083
1052,food_and_non_alcoholic_beverages,20150216,97.7330336548
1053,food_and_non_alcoholic_beverages,20150217,97.732208069
1054,food_and_non_alcoholic_beverages,20150218,97.7574834375
1055,food_and_non_alcoholic_beverages,20150219,97.7886975349
1056,food_and_non_alcoholic_beverages,20150220,97.7826111723
1057,food_and_non_alcoholic_beverages,20150221,97.7826111723
1058,food_and_non_alcoholic_beverages,20150222,97.7826111723
1059,food_and_non_alcoholic_beverages,20150223,97.7885555163
1060,food_and_non_alcoholic_beverages,20150224,97.6496585403
1061,food_and_non_alcoholic_beverages,20150225,97.6496585403
1062,food_and_non_alcoholic_beverages,20150226,97.6496585403
1063,food_and_non_alcoholic_beverages,20150227,97.6496585403
1064,food_and_non_alcoholic_beverages,20150228,97.66678343
1065,food_and_non_alcoholic_beverages,20150301,97.6513591509
1066,food_and_non_alcoholic_beverages,20150302,97.5040522355
1067,food_and_non_alcoholic_beverages,20150303,96.8154232553
1068,food_and_non_alcoholic_beverages,20150304,96.8255995654
1069,food_and_non_alcoholic_beverages,20150305,96.8212131973
1070,food_and_non_alcoholic_beverages,20150306,96.82245887
1071,food_and_non_alcoholic_beverages,20150307,96.8198666131
1072,food_and_non_alcoholic_beverages,20150308,96.8439470368
1073,food_and_non_alcoholic_beverages,20150309,96.8439470368
1074,food_and_non_alcoholic_beverages,20150310,97.166129456
1075,food_and_non_alcoholic_beverages,20150311,97.1614059938
1076,food_and_non_alcoholic_beverages,20150312,97.069627524
1077,food_and_non_alcoholic_beverages,20150313,97.3066824323
1078,food_and_non_alcoholic_beverages,20150314,97.2844514701
1079,food_and_non_alcoholic_beverages,20150315,97.3061527376
1080,food_and_non_alcoholic_beverages,20150316,97.4142204104
1081,food_and_non_alcoholic_beverages,20150317,97.3317094929
1082,food_and_non_alcoholic_beverages,20150318,97.3275598322
1083,food_and_non_alcoholic_beverages,20150319,97.4163035803
1084,food_and_non_alcoholic_beverages,20150320,97.4109319984
1085,food_and_non_alcoholic_beverages,20150321,97.4109319984
1086,food_and_non_alcoholic_beverages,20150322,97.4109319984
1087,food_and_non_alcoholic_beverages,20150323,97.20021272
1088,food_and_non_alcoholic_beverages,20150324,97.5669749268
1089,food_and_non_alcoholic_beverages,20150325,97.5725979723
1090,food_and_non_alcoholic_beverages,20150326,97.527412709
1091,food_and_non_alcoholic_beverages,20150327,97.5242253268
1092,food_and_non_alcoholic_beverages,20150328,97.5759202541
1093,food_and_non_alcoholic_beverages,20150329,97.6722998624
1094,food_and_non_alcoholic_beverages,20150330,97.6722998624
1095,food_and_non_alcoholic_beverages,20150331,97.5561183477
1096,food_and_non_alcoholic_beverages,20150401,97.6484229675
1097,food_and_non_alcoholic_beverages,20150402,97.6484229675
1098,food_and_non_alcoholic_beverages,20150403,97.6468861937
1099,food_and_non_alcoholic_beverages,20150404,97.605732137
1100,food_and_non_alcoholic_beverages,20150405,97.605732137
1101,food_and_non_alcoholic_beverages,20150406,97.605732137
1102,food_and_non_alcoholic_beverages,20150407,97.2812937399
1103,food_and_non_alcoholic_beverages,20150408,97.3211543597
1104,food_and_non_alcoholic_beverages,20150409,97.5197389491
1105,food_and_non_alcoholic_beverages,20150410,97.5285826211
1106,food_and_non_alcoholic_beverages,20150411,97.5196284955
1107,food_and_non_alcoholic_beverages,20150412,97.522158313
1108,food_and_non_alcoholic_beverages,20150413,97.2221836464
1109,food_and_non_alcoholic_beverages,20150414,97.2203327455
1110,food_and_non_alcoholic_beverages,20150415,97.6438205906
1111,food_and_non_alcoholic_beverages,20150416,97.6407644229
1112,food_and_non_alcoholic_beverages,20150417,97.5978344283
1113,food_and_non_alcoholic_beverages,20150418,97.6431276832
1114,food_and_non_alcoholic_beverages,20150419,97.6431276832
1115,food_and_non_alcoholic_beverages,20150420,97.5696484751
1116,food_and_non_alcoholic_beverages,20150421,97.6492325166
1117,food_and_non_alcoholic_beverages,20150422,97.7935058918
1118,food_and_non_alcoholic_beverages,20150423,97.8857012821
1119,food_and_non_alcoholic_beverages,20150424,97.8857012821
1120,food_and_non_alcoholic_beverages,20150425,97.8643164994
1121,food_and_non_alcoholic_beverages,20150426,97.8450890524
1122,food_and_non_alcoholic_beverages,20150427,97.8588179264
1123,food_and_non_alcoholic_beverages,20150428,97.926824337
1124,food_and_non_alcoholic_beverages,20150429,97.5900367605
1125,food_and_non_alcoholic_beverages,20150430,97.5900367605
1126,food_and_non_alcoholic_beverages,20150501,97.5038441938
1127,food_and_non_alcoholic_beverages,20150502,97.4900905718
1128,food_and_non_alcoholic_beverages,20150503,97.4900905718
1129,food_and_non_alcoholic_beverages,20150504,97.5669427283
1130,food_and_non_alcoholic_beverages,20150505,97.5986555085
1131,food_and_non_alcoholic_beverages,20150506,97.6132614753
1132,food_and_non_alcoholic_beverages,20150507,97.7136485094
1133,food_and_non_alcoholic_beverages,20150508,97.5695352133
1134,food_and_non_alcoholic_beverages,20150509,97.6246915057
1135,food_and_non_alcoholic_beverages,20150510,97.6320186596
1136,food_and_non_alcoholic_beverages,20150511,97.6320186596
1137,food_and_non_alcoholic_beverages,20150512,97.5880094683
1138,food_and_non_alcoholic_beverages,20150513,97.6275066712
1139,food_and_non_alcoholic_beverages,20150514,97.461023452
1140,food_and_non_alcoholic_beverages,20150515,97.49301894
1141,food_and_non_alcoholic_beverages,20150516,97.3418144286
1142,food_and_non_alcoholic_beverages,20150517,97.3244028576
1143,food_and_non_alcoholic_beverages,20150518,97.3774597073
1144,food_and_non_alcoholic_beverages,20150519,97.377591761
1145,food_and_non_alcoholic_beverages,20150520,97.3518097239
1146,food_and_non_alcoholic_beverages,20150521,97.4723749556
1147,food_and_non_alcoholic_beverages,20150522,97.4536737821
1148,food_and_non_alcoholic_beverages,20150523,97.5322749345
1149,food_and_non_alcoholic_beverages,20150524,97.5254129259
1150,food_and_non_alcoholic_beverages,20150525,97.5683823014
1151,food_and_non_alcoholic_beverages,20150526,97.7150122152
1152,food_and_non_alcoholic_beverages,20150527,97.7501691966
1153,food_and_non_alcoholic_beverages,20150528,97.6161190369
1154,food_and_non_alcoholic_beverages,20150529,97.6089775274
1155,food_and_non_alcoholic_beverages,20150530,97.6072145794
1156,food_and_non_alcoholic_beverages,20150531,97.6072145794
1157,food_and_non_alcoholic_beverages,20150601,97.6209199678
1158,food_and_non_alcoholic_beverages,20150602,97.6209199678
1159,food_and_non_alcoholic_beverages,20150603,97.5650294213
1160,food_and_non_alcoholic_beverages,20150604,97.5227214544
1161,food_and_non_alcoholic_beverages,20150605,97.5306052703
1162,food_and_non_alcoholic_beverages,20150606,97.5146134128
1163,food_and_non_alcoholic_beverages,20150607,97.4995301524
1164,food_and_non_alcoholic_beverages,20150608,97.5306052703
1165,food_and_non_alcoholic_beverages,20150609,97.3461037927
1166,food_and_non_alcoholic_beverages,20150610,97.2880778313
1167,food_and_non_alcoholic_beverages,20150611,97.3073660643
1168,food_and_non_alcoholic_beverages,20150612,97.2660102756
1169,food_and_non_alcoholic_beverages,20150613,97.2569502867
1170,food_and_non_alcoholic_beverages,20150614,97.2439669372
1171,food_and_non_alcoholic_beverages,20150615,97.2602652995
1172,food_and_non_alcoholic_beverages,20150616,97.4075339793
1173,food_and_non_alcoholic_beverages,20150617,97.528815141
1174,food_and_non_alcoholic_beverages,20150618,97.4874037312
1175,food_and_non_alcoholic_beverages,20150619,97.5721344431
1176,food_and_non_alcoholic_beverages,20150620,97.4696056479
1177,food_and_non_alcoholic_beverages,20150621,97.4846720939
1178,food_and_non_alcoholic_beverages,20150622,97.2594200025
1179,food_and_non_alcoholic_beverages,20150623,97.2599932304
1180,food_and_non_alcoholic_beverages,20150624,97.2794468102
1181,food_and_non_alcoholic_beverages,20150625,97.2894763966
1182,food_and_non_alcoholic_beverages,20150626,97.3089299764
1183,food_and_non_alcoholic_beverages,20150627,97.2360826233
1184,food_and_non_alcoholic_beverages,20150628,97.2642917651
1185,food_and_non_alcoholic_beverages,20150629,97.2897361303
1186,food_and_non_alcoholic_beverages,20150630,97.3057387865
1187,food_and_non_alcoholic_beverages,20150701,97.6585392903
1188,food_and_non_alcoholic_beverages,20150702,97.6585392903
1189,food_and_non_alcoholic_beverages,20150703,97.6249483482
1190,food_and_non_alcoholic_beverages,20150704,97.6409979158
1191,food_and_non_alcoholic_beverages,20150705,97.4813146357
1192,food_and_non_alcoholic_beverages,20150706,97.427713938
1193,food_and_non_alcoholic_beverages,20150707,97.2088174497
1194,food_and_non_alcoholic_beverages,20150708,97.0867662281
1195,food_and_non_alcoholic_beverages,20150709,96.9691257447
1196,food_and_non_alcoholic_beverages,20150710,96.9519293174
1197,food_and_non_alcoholic_beverages,20150711,96.987502853
1198,food_and_non_alcoholic_beverages,20150712,96.9918516841
1199,food_and_non_alcoholic_beverages,20150713,96.9821126137
1200,food_and_non_alcoholic_beverages,20150714,96.9648498975
1201,food_and_non_alcoholic_beverages,20150715,96.918439553
1202,food_and_non_alcoholic_beverages,20150716,96.8327557998
1203,food_and_non_alcoholic_beverages,20150717,96.8044845638
1204,food_and_non_alcoholic_beverages,20150718,96.8041841399
1205,food_and_non_alcoholic_beverages,20150719,96.8041841399
1206,food_and_non_alcoholic_beverages,20150720,96.7989403493
1207,food_and_non_alcoholic_beverages,20150721,96.8336150699
1208,food_and_non_alcoholic_beverages,20150722,96.7618253274
1209,food_and_non_alcoholic_beverages,20150723,96.7289546106
1210,food_and_non_alcoholic_beverages,20150724,96.7042201112
1211,food_and_non_alcoholic_beverages,20150725,96.7054963432
1212,food_and_non_alcoholic_beverages,20150726,96.6452842486
1213,food_and_non_alcoholic_beverages,20150727,96.6139928377
1214,food_and_non_alcoholic_beverages,20150728,96.6237273665
1215,food_and_non_alcoholic_beverages,20150729,96.6353024508
1216,food_and_non_alcoholic_beverages,20150730,96.8493642238
1217,food_and_non_alcoholic_beverages,20150731,96.7588725625
1218,food_and_non_alcoholic_beverages,20150801,96.8758275269
1219,food_and_non_alcoholic_beverages,20150802,96.8439662853
1220,food_and_non_alcoholic_beverages,20150803,96.8632963159
1221,food_and_non_alcoholic_beverages,20150804,96.9965832473
1222,food_and_non_alcoholic_beverages,20150805,96.9604879142
1223,food_and_non_alcoholic_beverages,20150806,97.095144435
1224,food_and_non_alcoholic_beverages,20150807,97.095144435
1225,food_and_non_alcoholic_beverages,20150808,97.0770879428
1226,food_and_non_alcoholic_beverages,20150809,97.0551510132
1227,food_and_non_alcoholic_beverages,20150810,97.0564760129
1228,food_and_non_alcoholic_beverages,20150811,96.5904546173
1229,food_and_non_alcoholic_beverages,20150812,96.5555099465
1230,food_and_non_alcoholic_beverages,20150813,96.4609979411
1231,food_and_non_alcoholic_beverages,20150814,96.4576636078
1232,food_and_non_alcoholic_beverages,20150815,96.4992363065
1233,food_and_non_alcoholic_beverages,20150816,96.5051216194
1234,food_and_non_alcoholic_beverages,20150817,96.5051216194
1235,food_and_non_alcoholic_beverages,20150818,96.6594785884
1236,food_and_non_alcoholic_beverages,20150819,96.6594785884
1237,food_and_non_alcoholic_beverages,20150820,96.3530296409
1238,food_and_non_alcoholic_beverages,20150821,96.3376196217
1239,food_and_non_alcoholic_beverages,20150822,96.3784338256
1240,food_and_non_alcoholic_beverages,20150823,96.3556876869
1241,food_and_non_alcoholic_beverages,20150824,96.3675263507
1242,food_and_non_alcoholic_beverages,20150825,96.3898650213
1243,food_and_non_alcoholic_beverages,20150826,96.4005599138
1244,food_and_non_alcoholic_beverages,20150827,96.2805928948
1245,food_and_non_alcoholic_beverages,20150828,96.2976686298
1246,food_and_non_alcoholic_beverages,20150829,96.2287757158
1247,food_and_non_alcoholic_beverages,20150830,96.1990990226
1248,food_and_non_alcoholic_beverages,20150831,96.2084735585
1249,food_and_non_alcoholic_beverages,20150901,96.0253167788
1250,food_and_non_alcoholic_beverages,20150902,95.8138737977
1251,food_and_non_alcoholic_beverages,20150903,95.9927033462
1252,food_and_non_alcoholic_beverages,20150904,95.9574554948
1253,food_and_non_alcoholic_beverages,20150905,95.9437189097
1254,food_and_non_alcoholic_beverages,20150906,95.942836942
1255,food_and_non_alcoholic_beverages,20150907,95.9817337111
1256,food_and_non_alcoholic_beverages,20150908,95.9503905634
1257,food_and_non_alcoholic_beverages,20150909,96.0205610405
1258,food_and_non_alcoholic_beverages,20150910,95.1517794103
1259,food_and_non_alcoholic_beverages,20150911,95.1519413266
1260,food_and_non_alcoholic_beverages,20150912,95.1219948771
1261,food_and_non_alcoholic_beverages,20150913,95.1289086937
1262,food_and_non_alcoholic_beverages,20150914,95.1779486259
1263,food_and_non_alcoholic_beverages,20150915,94.7790681163
1264,food_and_non_alcoholic_beverages,20150916,94.7507434886
1265,food_and_non_alcoholic_beverages,20150917,94.969477465
1266,food_and_non_alcoholic_beverages,20150918,95.0258104384
1267,food_and_non_alcoholic_beverages,20150919,95.0625632106
1268,food_and_non_alcoholic_beverages,20150920,95.0545222472
1269,food_and_non_alcoholic_beverages,20150921,95.0288757573
1270,food_and_non_alcoholic_beverages,20150922,95.1566380253
1271,food_and_non_alcoholic_beverages,20150923,95.0534194295
1272,food_and_non_alcoholic_beverages,20150924,95.0516054269
1273,food_and_non_alcoholic_beverages,20150925,95.0645578871
1274,food_and_non_alcoholic_beverages,20150926,95.0613052831
1275,food_and_non_alcoholic_beverages,20150927,95.0646141124
1276,food_and_non_alcoholic_beverages,20150928,95.1489803342
1277,food_and_non_alcoholic_beverages,20150929,95.1770375952
1278,food_and_non_alcoholic_beverages,20150930,95.5681572594
1279,food_and_non_alcoholic_beverages,20151001,95.387885338
1280,food_and_non_alcoholic_beverages,20151002,94.9664472734
1281,food_and_non_alcoholic_beverages,20151003,94.9760518848
1282,food_and_non_alcoholic_beverages,20151004,94.8921022477
1283,food_and_non_alcoholic_beverages,20151005,94.9106246873
1284,food_and_non_alcoholic_beverages,20151006,94.8429431166
1285,food_and_non_alcoholic_beverages,20151007,94.891085592
1286,food_and_non_alcoholic_beverages,20151008,94.770915199
1287,food_and_non_alcoholic_beverages,20151009,94.8030877946
1288,food_and_non_alcoholic_beverages,20151010,94.7827921432
1289,food_and_non_alcoholic_beverages,20151011,94.7827921432
1290,food_and_non_alcoholic_beverages,20151012,94.7827921432
1291,food_and_non_alcoholic_beverages,20151013,94.5161768327
1292,food_and_non_alcoholic_beverages,20151014,94.8296794207
1293,food_and_non_alcoholic_beverages,20151015,94.4762798306
1294,food_and_non_alcoholic_beverages,20151016,94.4633963709
1295,food_and_non_alcoholic_beverages,20151017,94.4633963709
1296,food_and_non_alcoholic_beverages,20151018,94.4633963709
1297,food_and_non_alcoholic_beverages,20151019,94.4633963709
1298,food_and_non_alcoholic_beverages,20151020,94.4633963709
1299,food_and_non_alcoholic_beverages,20151021,94.4633963709
1300,food_and_non_alcoholic_beverages,20151022,94.4633963709
1301,food_and_non_alcoholic_beverages,20151023,91.8136848172
1302,food_and_non_alcoholic_beverages,20151104,95.0040081502
1303,food_and_non_alcoholic_beverages,20151105,94.9962469571
1304,food_and_non_alcoholic_beverages,20151106,94.973306211
1305,food_and_non_alcoholic_beverages,20151107,94.9920630035
1306,food_and_non_alcoholic_beverages,20151108,94.9917437339
1307,food_and_non_alcoholic_beverages,20151109,95.1914887668
1308,food_and_non_alcoholic_beverages,20151110,95.1757210829
1309,food_and_non_alcoholic_beverages,20151111,96.0506893934
1310,food_and_non_alcoholic_beverages,20151112,96.0371528024
1311,food_and_non_alcoholic_beverages,20151113,95.9905707039
1312,food_and_non_alcoholic_beverages,20151114,96.0048306424
1313,food_and_non_alcoholic_beverages,20151115,95.978614148
1314,food_and_non_alcoholic_beverages,20151116,95.9877818017
1315,food_and_non_alcoholic_beverages,20151117,95.7662432977
1316,food_and_non_alcoholic_beverages,20151118,95.8078989912
1317,food_and_non_alcoholic_beverages,20151119,95.8025921739
1318,food_and_non_alcoholic_beverages,20151120,95.8166165732
1319,food_and_non_alcoholic_beverages,20151121,95.8025921739
1320,food_and_non_alcoholic_beverages,20151122,95.7796350587
1321,food_and_non_alcoholic_beverages,20151123,96.1198620269
1322,food_and_non_alcoholic_beverages,20151124,96.1106128191
1323,food_and_non_alcoholic_beverages,20151125,96.1105365848
1324,food_and_non_alcoholic_beverages,20151126,96.2712675245
1325,food_and_non_alcoholic_beverages,20151127,96.2987375138
1326,food_and_non_alcoholic_beverages,20151128,96.2630918913
1327,food_and_non_alcoholic_beverages,20151129,96.2188502805
1328,food_and_non_alcoholic_beverages,20151130,96.1813070881
1329,food_and_non_alcoholic_beverages,20151201,96.2301495278
1330,food_and_non_alcoholic_beverages,20151202,96.1952372519
1331,food_and_non_alcoholic_beverages,20151203,96.2042695698
1332,food_and_non_alcoholic_beverages,20151204,96.2219995603
1333,food_and_non_alcoholic_beverages,20151205,96.2038071153
1334,food_and_non_alcoholic_beverages,20151206,96.2036090652
1335,food_and_non_alcoholic_beverages,20151207,96.2634240954
1336,food_and_non_alcoholic_beverages,20151208,96.5213655451
1337,food_and_non_alcoholic_beverages,20151209,96.6601032481
1338,food_and_non_alcoholic_beverages,20151210,96.6405943887
1339,food_and_non_alcoholic_beverages,20151211,96.6257997418
1340,food_and_non_alcoholic_beverages,20151212,96.616599771
1341,food_and_non_alcoholic_beverages,20151213,96.6346645426
1342,food_and_non_alcoholic_beverages,20151214,96.4487616733
1343,food_and_non_alcoholic_beverages,20151215,96.4705485888
1344,food_and_non_alcoholic_beverages,20151216,96.3851677808
1345,food_and_non_alcoholic_beverages,20151217,96.3827112315
1346,food_and_non_alcoholic_beverages,20151218,96.3658054543
1347,food_and_non_alcoholic_beverages,20151219,96.380388649
1348,food_and_non_alcoholic_beverages,20151220,96.3718022337
1349,food_and_non_alcoholic_beverages,20151221,96.4182091113
1350,food_and_non_alcoholic_beverages,20151222,96.4184820344
1351,food_and_non_alcoholic_beverages,20151223,96.433347482
1352,food_and_non_alcoholic_beverages,20151224,96.5369034219
1353,food_and_non_alcoholic_beverages,20151225,96.3191384701
1354,food_and_non_alcoholic_beverages,20151226,96.3020395542
1355,food_and_non_alcoholic_beverages,20151227,96.2792483172
1356,food_and_non_alcoholic_beverages,20151228,96.458885545
1357,food_and_non_alcoholic_beverages,20151229,96.4701824364
1358,food_and_non_alcoholic_beverages,20151230,95.4049277388
1359,food_and_non_alcoholic_beverages,20151231,95.4302800818
1360,food_and_non_alcoholic_beverages,20160101,95.5479504839
1361,food_and_non_alcoholic_beverages,20160102,95.5324484254
1362,food_and_non_alcoholic_beverages,20160103,95.5211362981
1363,food_and_non_alcoholic_beverages,20160104,95.2044037407
1364,food_and_non_alcoholic_beverages,20160105,95.241660195
1365,food_and_non_alcoholic_beverages,20160106,94.9224102877
1366,food_and_non_alcoholic_beverages,20160107,94.5968669712
1367,food_and_non_alcoholic_beverages,20160108,94.6346929695
1368,food_and_non_alcoholic_beverages,20160109,94.6309421025
1369,food_and_non_alcoholic_beverages,20160110,94.6424234401
1370,food_and_non_alcoholic_beverages,20160111,94.5898406785
1371,food_and_non_alcoholic_beverages,20160112,94.5939382664
1372,food_and_non_alcoholic_beverages,20160113,94.1318651147
1373,food_and_non_alcoholic_beverages,20160114,93.8978258842
1374,food_and_non_alcoholic_beverages,20160115,94.1105777695
1375,food_and_non_alcoholic_beverages,20160116,94.0984869133
1376,food_and_non_alcoholic_beverages,20160117,94.0847704128
1377,food_and_non_alcoholic_beverages,20160118,94.3949844537
1378,food_and_non_alcoholic_beverages,20160119,94.5625124692
1379,food_and_non_alcoholic_beverages,20160120,94.6492846235
1380,food_and_non_alcoholic_beverages,20160121,94.6185105983
1381,food_and_non_alcoholic_beverages,20160122,94.6457162322
1382,food_and_non_alcoholic_beverages,20160123,94.6263690771
1383,food_and_non_alcoholic_beverages,20160124,94.5890123261
1384,food_and_non_alcoholic_beverages,20160125,94.5362051685
1385,food_and_non_alcoholic_beverages,20160126,94.6351803715
1386,food_and_non_alcoholic_beverages,20160127,95.7466020193
1387,food_and_non_alcoholic_beverages,20160128,95.5759340611
1388,food_and_non_alcoholic_beverages,20160129,95.5857714714
1389,food_and_non_alcoholic_beverages,20160130,95.5485720338
1390,food_and_non_alcoholic_beverages,20160131,95.5014269506
1391,food_and_non_alcoholic_beverages,20160201,95.4985968979
1392,food_and_non_alcoholic_beverages,20160202,95.5116281054
1393,food_and_non_alcoholic_beverages,20160203,95.487359995
1394,food_and_non_alcoholic_beverages,20160204,95.5749919732
1395,food_and_non_alcoholic_beverages,20160205,95.599864002
1396,food_and_non_alcoholic_beverages,20160206,95.599864002
1397,food_and_non_alcoholic_beverages,20160207,95.5976343124
1398,food_and_non_alcoholic_beverages,20160208,95.6364490648
1399,food_and_non_alcoholic_beverages,20160209,95.5716756054
1400,food_and_non_alcoholic_beverages,20160210,95.6110453506
1401,food_and_non_alcoholic_beverages,20160211,95.6291840171
1402,food_and_non_alcoholic_beverages,20160212,95.6291840171
1403,food_and_non_alcoholic_beverages,20160213,95.6291840171
1404,food_and_non_alcoholic_beverages,20160214,95.2527363188
1405,food_and_non_alcoholic_beverages,20160215,95.2915562581
1406,food_and_non_alcoholic_beverages,20160216,94.8235460352
1407,food_and_non_alcoholic_beverages,20160217,94.604491007
1408,food_and_non_alcoholic_beverages,20160218,94.8843618666
1409,food_and_non_alcoholic_beverages,20160219,94.8745476343
1410,food_and_non_alcoholic_beverages,20160220,94.8609414504
1411,food_and_non_alcoholic_beverages,20160221,94.8609414504
1412,food_and_non_alcoholic_beverages,20160222,94.8745476343
1413,food_and_non_alcoholic_beverages,20160223,95.1396565025
1414,food_and_non_alcoholic_beverages,20160224,95.393582548
1415,food_and_non_alcoholic_beverages,20160225,95.4545230012
1416,food_and_non_alcoholic_beverages,20160226,95.2510829824
1417,food_and_non_alcoholic_beverages,20160227,95.2288931474
1418,food_and_non_alcoholic_beverages,20160228,95.0930267463
1419,food_and_non_alcoholic_beverages,20160229,95.0930267463
1420,food_and_non_alcoholic_beverages,20160301,95.1378396639
1421,food_and_non_alcoholic_beverages,20160302,95.1427013174
1422,food_and_non_alcoholic_beverages,20160303,95.1065503319
1423,food_and_non_alcoholic_beverages,20160304,95.095411769
1424,food_and_non_alcoholic_beverages,20160305,95.095411769
1425,food_and_non_alcoholic_beverages,20160306,94.7742595372
1426,food_and_non_alcoholic_beverages,20160307,94.7742595372
1427,food_and_non_alcoholic_beverages,20160308,94.8787405025
1428,food_and_non_alcoholic_beverages,20160309,94.8853564521
1429,food_and_non_alcoholic_beverages,20160310,94.4995963282
1430,food_and_non_alcoholic_beverages,20160311,94.5161941793
1431,food_and_non_alcoholic_beverages,20160312,94.5161941793
1432,food_and_non_alcoholic_beverages,20160313,94.5161941793
1433,food_and_non_alcoholic_beverages,20160314,94.5161941793
1434,food_and_non_alcoholic_beverages,20160315,94.3430976065
1435,food_and_non_alcoholic_beverages,20160316,94.041079701
1436,food_and_non_alcoholic_beverages,20160317,93.6849826793
1437,food_and_non_alcoholic_beverages,20160318,93.7867777277
1438,food_and_non_alcoholic_beverages,20160319,93.7208462909
1439,food_and_non_alcoholic_beverages,20160320,93.7208462909
1440,food_and_non_alcoholic_beverages,20160321,93.5798180634
1441,food_and_non_alcoholic_beverages,20160322,93.5798180634
1442,food_and_non_alcoholic_beverages,20160323,93.6245430205
1443,food_and_non_alcoholic_beverages,20160324,93.9041058642
1444,food_and_non_alcoholic_beverages,20160325,93.637408861
1445,food_and_non_alcoholic_beverages,20160326,93.637408861
1446,food_and_non_alcoholic_beverages,20160327,90.2283413638
1447,food_and_non_alcoholic_beverages,20160328,90.2988455564
1448,food_and_non_alcoholic_beverages,20160329,90.2283413638
1449,food_and_non_alcoholic_beverages,20160330,90.0740292309
1450,food_and_non_alcoholic_beverages,20160331,90.0694381533
1451,food_and_non_alcoholic_beverages,20160401,90.14748556
1452,food_and_non_alcoholic_beverages,20160402,90.0666760924
1453,food_and_non_alcoholic_beverages,20160403,90.0666760924
1454,food_and_non_alcoholic_beverages,20160404,89.9935393252
1455,food_and_non_alcoholic_beverages,20160405,89.839174615
1456,food_and_non_alcoholic_beverages,20160406,89.6505677471
1457,food_and_non_alcoholic_beverages,20160407,89.6411612734
1458,food_and_non_alcoholic_beverages,20160408,89.6824805059
1459,food_and_non_alcoholic_beverages,20160409,89.6734526986
1460,food_and_non_alcoholic_beverages,20160410,89.6734526986
1461,food_and_non_alcoholic_beverages,20160411,89.6734526986
1462,food_and_non_alcoholic_beverages,20160412,89.6734526986
1463,food_and_non_alcoholic_beverages,20160413,89.6734526986
1464,food_and_non_alcoholic_beverages,20160414,89.8637769782
1465,food_and_non_alcoholic_beverages,20160415,89.8637769782
1466,food_and_non_alcoholic_beverages,20160416,89.8577120823
1467,food_and_non_alcoholic_beverages,20160417,89.8673792299
1468,food_and_non_alcoholic_beverages,20160418,89.8610942218
1469,food_and_non_alcoholic_beverages,20160419,89.6636798455
1470,food_and_non_alcoholic_beverages,20160420,89.8433586532
1471,food_and_non_alcoholic_beverages,20160421,89.855648569
1472,food_and_non_alcoholic_beverages,20160422,89.8507698426
1473,food_and_non_alcoholic_beverages,20160423,89.8537569036
1474,food_and_non_alcoholic_beverages,20160424,88.0509794521
1475,food_and_non_alcoholic_beverages,20160425,88.0509794521
1476,food_and_non_alcoholic_beverages,20160426,88.1719612714
1477,food_and_non_alcoholic_beverages,20160427,88.5136433485
1478,food_and_non_alcoholic_beverages,20160428,88.5136433485
1479,food_and_non_alcoholic_beverages,20160429,88.5364821504
1480,food_and_non_alcoholic_beverages,20160430,88.5364821504
1481,food_and_non_alcoholic_beverages,20160501,88.5364821504
1482,food_and_non_alcoholic_beverages,20160502,88.5614824541
1483,food_and_non_alcoholic_beverages,20160503,88.5520232682
1484,food_and_non_alcoholic_beverages,20160504,88.5520232682
1485,food_and_non_alcoholic_beverages,20160505,88.5170606149
1486,food_and_non_alcoholic_beverages,20160506,88.5170606149
1487,food_and_non_alcoholic_beverages,20160507,88.5170606149
1488,food_and_non_alcoholic_beverages,20160508,88.5170606149
1489,food_and_non_alcoholic_beverages,20160509,88.4579039306
1490,food_and_non_alcoholic_beverages,20160510,88.4538970708
1491,food_and_non_alcoholic_beverages,20160511,88.6079092739
1492,food_and_non_alcoholic_beverages,20160512,91.0641385518
1493,food_and_non_alcoholic_beverages,20160513,90.7715628776
1494,food_and_non_alcoholic_beverages,20160514,90.9179050786
1495,food_and_non_alcoholic_beverages,20160515,90.8227989733
1496,food_and_non_alcoholic_beverages,20160516,91.0398390955
1497,food_and_non_alcoholic_beverages,20160517,90.9697697949
1498,food_and_non_alcoholic_beverages,20160518,90.927048854
1499,food_and_non_alcoholic_beverages,20160519,90.9832476297
1500,food_and_non_alcoholic_beverages,20160520,90.8624549406
1501,food_and_non_alcoholic_beverages,20160521,90.9786224394
1502,food_and_non_alcoholic_beverages,20160522,90.9767091567
1503,food_and_non_alcoholic_beverages,20160523,91.0965384112
1504,food_and_non_alcoholic_beverages,20160524,90.9280079764
1505,food_and_non_alcoholic_beverages,20160525,91.0678437606
1506,food_and_non_alcoholic_beverages,20160526,90.8808989211
1507,food_and_non_alcoholic_beverages,20160527,90.8660728527
1508,food_and_non_alcoholic_beverages,20160528,90.8791007685
1509,food_and_non_alcoholic_beverages,20160529,90.8311217226
1510,food_and_non_alcoholic_beverages,20160530,90.8334977644
1511,food_and_non_alcoholic_beverages,20160531,91.1398304218
1512,food_and_non_alcoholic_beverages,20160601,91.0976287064
1513,food_and_non_alcoholic_beverages,20160602,90.9726143233
1514,food_and_non_alcoholic_beverages,20160603,91.1538884834
1515,food_and_non_alcoholic_beverages,20160604,91.1935430485
1516,food_and_non_alcoholic_beverages,20160605,91.0897994253
1517,food_and_non_alcoholic_beverages,20160606,91.008969512
1518,food_and_non_alcoholic_beverages,20160607,90.987718035
1519,food_and_non_alcoholic_beverages,20160608,91.1468475413
1520,food_and_non_alcoholic_beverages,20160609,90.8405121435
1521,food_and_non_alcoholic_beverages,20160610,90.8499170313
1522,food_and_non_alcoholic_beverages,20160611,90.7671462944
1523,food_and_non_alcoholic_beverages,20160612,90.7796285618
1524,food_and_non_alcoholic_beverages,20160613,91.0030477565
1525,food_and_non_alcoholic_beverages,20160614,91.0672362463
1526,food_and_non_alcoholic_beverages,20160615,90.9852969357
1527,food_and_non_alcoholic_beverages,20160616,90.8882411777
1528,food_and_non_alcoholic_beverages,20160617,90.8710394087
1529,food_and_non_alcoholic_beverages,20160618,91.0897054361
1530,food_and_non_alcoholic_beverages,20160619,91.105115544
1531,food_and_non_alcoholic_beverages,20160620,90.953103091
1532,food_and_non_alcoholic_beverages,20160621,90.6924107255
1533,food_and_non_alcoholic_beverages,20160622,90.6182356573
1534,food_and_non_alcoholic_beverages,20160623,90.6163287126
1535,food_and_non_alcoholic_beverages,20160624,90.6134229248
1536,food_and_non_alcoholic_beverages,20160625,90.5511370128
1537,food_and_non_alcoholic_beverages,20160626,90.402573061
1538,food_and_non_alcoholic_beverages,20160627,90.6718972377
1539,food_and_non_alcoholic_beverages,20160628,90.5854378151
1540,food_and_non_alcoholic_beverages,20160629,91.7106588741
1541,food_and_non_alcoholic_beverages,20160630,90.7317307461
1542,food_and_non_alcoholic_beverages,20160701,90.7981144083
1543,food_and_non_alcoholic_beverages,20160702,90.7227317657
1544,food_and_non_alcoholic_beverages,20160703,90.8272084614
1545,food_and_non_alcoholic_beverages,20160704,90.7727169184
1546,food_and_non_alcoholic_beverages,20160705,90.8893165997
1547,food_and_non_alcoholic_beverages,20160706,90.9148714498
1548,food_and_non_alcoholic_beverages,20160707,90.8031328218
1549,food_and_non_alcoholic_beverages,20160708,90.7844030287
1550,food_and_non_alcoholic_beverages,20160709,90.7036536526
1551,food_and_non_alcoholic_beverages,20160710,90.7714243526
1552,food_and_non_alcoholic_beverages,20160711,90.7970830156
1553,food_and_non_alcoholic_beverages,20160712,90.551893789
1554,food_and_non_alcoholic_beverages,20160713,90.7579676017
1555,food_and_non_alcoholic_beverages,20160714,90.8170200038
1556,food_and_non_alcoholic_beverages,20160715,90.520780104
1557,food_and_non_alcoholic_beverages,20160716,90.520780104
1558,food_and_non_alcoholic_beverages,20160717,90.4908791834
1559,food_and_non_alcoholic_beverages,20160718,90.4908791834
1560,food_and_non_alcoholic_beverages,20160719,90.3927220122
1561,food_and_non_alcoholic_beverages,20160720,90.2792916396
1562,food_and_non_alcoholic_beverages,20160721,90.3750321575
1563,food_and_non_alcoholic_beverages,20160722,90.4916524254
1564,food_and_non_alcoholic_beverages,20160723,90.5792913457
1565,food_and_non_alcoholic_beverages,20160724,90.2796920356
1566,food_and_non_alcoholic_beverages,20160725,90.0704253875
1567,food_and_non_alcoholic_beverages,20160726,90.3021960977
1568,food_and_non_alcoholic_beverages,20160727,91.8614408056
1569,food_and_non_alcoholic_beverages,20160728,91.0061379986
1570,food_and_non_alcoholic_beverages,20160729,90.8762964165
1571,food_and_non_alcoholic_beverages,20160730,91.0251728858
1572,food_and_non_alcoholic_beverages,20160731,90.6753360355
1573,food_and_non_alcoholic_beverages,20160801,90.7843210946
1574,food_and_non_alcoholic_beverages,20160802,90.6853204349
1575,food_and_non_alcoholic_beverages,20160803,90.7458548323
1576,food_and_non_alcoholic_beverages,20160804,90.7098462008
1577,food_and_non_alcoholic_beverages,20160805,90.6569204272
1578,food_and_non_alcoholic_beverages,20160806,90.8758695217
1579,food_and_non_alcoholic_beverages,20160807,90.8758695217
1580,food_and_non_alcoholic_beverages,20160808,90.45407052
1581,food_and_non_alcoholic_beverages,20161031,90.3494466079
1582,food_and_non_alcoholic_beverages,20161101,90.3368717667
1584,food_and_non_alcoholic_beverages,20161103,90.4757105202
