,GEKS,ons_item_no,i,period
0,100.0,210111.0,0.0,201406.0
1,99.8489167544,210111.0,1.0,201407.0
2,98.8645190139,210111.0,2.0,201408.0
3,97.5171061083,210111.0,3.0,201409.0
4,97.9404704909,210111.0,4.0,201410.0
5,97.1427845749,210111.0,5.0,201411.0
6,97.2691632372,210111.0,6.0,201412.0
7,89.2987336478,210111.0,7.0,201501.0
8,87.2911037052,210111.0,8.0,201502.0
9,91.3819834879,210111.0,9.0,201503.0
10,91.0305539042,210111.0,10.0,201504.0
11,90.6548635108,210111.0,11.0,201505.0
12,90.5923724642,210111.0,12.0,201506.0
13,87.8014205724,210111.0,13.0,201507.0
14,87.2338486752,210111.0,14.0,201508.0
15,87.173193309,210111.0,15.0,201509.0
16,86.5696103698,210111.0,16.0,201510.0
17,84.4111540292,210111.0,17.0,201511.0
18,84.1233581533,210111.0,18.0,201512.0
19,83.7573859201,210111.0,19.0,201601.0
20,83.1825791975,210111.0,20.0,201602.0
21,83.2146380877,210111.0,21.0,201603.0
22,83.4303372739,210111.0,22.0,201604.0
23,83.0260515027,210111.0,23.0,201605.0
24,76.9935024222,210111.0,24.0,201606.0
25,77.4317359284,210111.0,25.0,201607.0
26,77.9804310113,210111.0,26.0,201608.0
27,81.5147746387,210111.0,27.0,201610.0
28,81.4891469069,210111.0,28.0,201611.0
29,100.0,210113.0,0.0,201406.0
30,99.5620535277,210113.0,1.0,201407.0
31,99.8900237551,210113.0,2.0,201408.0
32,98.6844565675,210113.0,3.0,201409.0
33,94.9209687207,210113.0,4.0,201410.0
34,96.8192790808,210113.0,5.0,201411.0
35,98.644791865,210113.0,6.0,201412.0
36,94.4756824075,210113.0,7.0,201501.0
37,93.8406733012,210113.0,8.0,201502.0
38,93.4199752661,210113.0,9.0,201503.0
39,91.5112852717,210113.0,10.0,201504.0
40,90.8587759527,210113.0,11.0,201505.0
41,90.8006740216,210113.0,12.0,201506.0
42,89.1092386546,210113.0,13.0,201507.0
43,87.9911533746,210113.0,14.0,201508.0
44,86.6356386821,210113.0,15.0,201509.0
45,86.5961538888,210113.0,16.0,201510.0
46,84.9500618407,210113.0,17.0,201511.0
47,84.9135834834,210113.0,18.0,201512.0
48,84.5733935461,210113.0,19.0,201601.0
49,84.0338902575,210113.0,20.0,201602.0
50,81.0548727965,210113.0,21.0,201603.0
51,81.9789577658,210113.0,22.0,201604.0
52,80.952689607,210113.0,23.0,201605.0
53,78.2425406708,210113.0,24.0,201606.0
54,78.6168923753,210113.0,25.0,201607.0
55,78.4850384921,210113.0,26.0,201608.0
56,84.5506680487,210113.0,27.0,201610.0
57,84.3057743135,210113.0,28.0,201611.0
58,100.0,210204.0,0.0,201406.0
59,100.099098898,210204.0,1.0,201407.0
60,104.697306366,210204.0,2.0,201408.0
61,104.576777979,210204.0,3.0,201409.0
62,102.229502774,210204.0,4.0,201410.0
63,99.6418619349,210204.0,5.0,201411.0
64,94.6068873262,210204.0,6.0,201412.0
65,92.0912138811,210204.0,7.0,201501.0
66,94.5098194594,210204.0,8.0,201502.0
67,95.4749244037,210204.0,9.0,201503.0
68,95.134720312,210204.0,10.0,201504.0
69,95.0668406913,210204.0,11.0,201505.0
70,93.9568778549,210204.0,12.0,201506.0
71,92.7448789703,210204.0,13.0,201507.0
72,94.6661208179,210204.0,14.0,201508.0
73,90.0948892592,210204.0,15.0,201509.0
74,90.2197870711,210204.0,16.0,201510.0
75,89.3619564489,210204.0,17.0,201511.0
76,85.9324471658,210204.0,18.0,201512.0
77,86.109536294,210204.0,19.0,201601.0
78,91.4595091492,210204.0,20.0,201602.0
79,88.9500850284,210204.0,21.0,201603.0
80,88.0433516978,210204.0,22.0,201604.0
81,89.0630957382,210204.0,23.0,201605.0
82,86.1103618133,210204.0,24.0,201606.0
83,87.9360283577,210204.0,25.0,201607.0
84,84.3621203594,210204.0,26.0,201608.0
85,88.6197957652,210204.0,27.0,201610.0
86,86.3803322544,210204.0,28.0,201611.0
87,100.0,210213.0,0.0,201406.0
88,99.8576046743,210213.0,1.0,201407.0
89,99.8950859626,210213.0,2.0,201408.0
90,101.072134395,210213.0,3.0,201409.0
91,99.7529015041,210213.0,4.0,201410.0
92,101.815460544,210213.0,5.0,201411.0
93,101.83526227,210213.0,6.0,201412.0
94,101.74535187,210213.0,7.0,201501.0
95,100.323816243,210213.0,8.0,201502.0
96,99.5704304006,210213.0,9.0,201503.0
97,101.646821186,210213.0,10.0,201504.0
98,100.658472273,210213.0,11.0,201505.0
99,100.769353288,210213.0,12.0,201506.0
100,99.0482014959,210213.0,13.0,201507.0
101,96.9955025547,210213.0,14.0,201508.0
102,95.3105717501,210213.0,15.0,201509.0
103,96.4252540607,210213.0,16.0,201510.0
104,98.2996084206,210213.0,17.0,201511.0
105,96.1813858118,210213.0,18.0,201512.0
106,90.5475768512,210213.0,19.0,201601.0
107,93.6843277152,210213.0,20.0,201602.0
108,95.1584468668,210213.0,21.0,201603.0
109,93.8809742682,210213.0,22.0,201604.0
110,96.5881884179,210213.0,23.0,201605.0
111,94.4209669742,210213.0,24.0,201606.0
112,92.514760701,210213.0,25.0,201607.0
113,93.3559054313,210213.0,26.0,201608.0
114,92.7066087938,210213.0,27.0,201610.0
115,94.813108017,210213.0,28.0,201611.0
116,100.0,210214.0,0.0,201406.0
117,99.4493333532,210214.0,1.0,201407.0
118,98.5632182929,210214.0,2.0,201408.0
119,98.0253981435,210214.0,3.0,201409.0
120,99.6392967212,210214.0,4.0,201410.0
121,101.290882505,210214.0,5.0,201411.0
122,99.8830324522,210214.0,6.0,201412.0
123,99.1314709012,210214.0,7.0,201501.0
124,100.183890608,210214.0,8.0,201502.0
125,99.7378735935,210214.0,9.0,201503.0
126,100.216596639,210214.0,10.0,201504.0
127,99.1937896441,210214.0,11.0,201505.0
128,99.3330152685,210214.0,12.0,201506.0
129,96.6244729487,210214.0,13.0,201507.0
130,98.281613208,210214.0,14.0,201508.0
131,95.5196159966,210214.0,15.0,201509.0
132,97.6165572719,210214.0,16.0,201510.0
133,96.9143613645,210214.0,17.0,201511.0
134,95.8426565692,210214.0,18.0,201512.0
135,92.9500907182,210214.0,19.0,201601.0
136,95.2176600168,210214.0,20.0,201602.0
137,96.7731532731,210214.0,21.0,201603.0
138,96.0840351022,210214.0,22.0,201604.0
139,96.5567537421,210214.0,23.0,201605.0
140,95.0383643532,210214.0,24.0,201606.0
141,93.5928688316,210214.0,25.0,201607.0
142,94.1562582919,210214.0,26.0,201608.0
143,91.2545484331,210214.0,27.0,201610.0
144,91.0974494927,210214.0,28.0,201611.0
145,100.0,210302.0,0.0,201406.0
146,100.960534244,210302.0,1.0,201407.0
147,100.808363588,210302.0,2.0,201408.0
148,101.222991022,210302.0,3.0,201409.0
149,101.127091331,210302.0,4.0,201410.0
150,101.307377934,210302.0,5.0,201411.0
151,101.664628731,210302.0,6.0,201412.0
152,102.391942221,210302.0,7.0,201501.0
153,102.23355706,210302.0,8.0,201502.0
154,102.348971549,210302.0,9.0,201503.0
155,101.844085717,210302.0,10.0,201504.0
156,102.002938626,210302.0,11.0,201505.0
157,101.948697691,210302.0,12.0,201506.0
158,102.702648113,210302.0,13.0,201507.0
159,102.576226205,210302.0,14.0,201508.0
160,96.9720035878,210302.0,15.0,201509.0
161,96.4015260538,210302.0,16.0,201510.0
162,95.1979463453,210302.0,17.0,201511.0
163,90.3052913801,210302.0,18.0,201512.0
164,92.8076303435,210302.0,19.0,201601.0
165,92.332059148,210302.0,20.0,201602.0
166,92.0915569955,210302.0,21.0,201603.0
167,90.1274020919,210302.0,22.0,201604.0
168,88.4070200081,210302.0,23.0,201605.0
169,85.7895825313,210302.0,24.0,201606.0
170,85.593941062,210302.0,25.0,201607.0
171,85.3523388034,210302.0,26.0,201608.0
172,86.0338061253,210302.0,27.0,201610.0
173,86.4617928773,210302.0,28.0,201611.0
174,100.0,211305.0,0.0,201406.0
175,98.3964889205,211305.0,1.0,201407.0
176,98.7798591872,211305.0,2.0,201408.0
177,99.0534755923,211305.0,3.0,201409.0
178,98.6250983266,211305.0,4.0,201410.0
179,97.4584104705,211305.0,5.0,201411.0
180,97.6482298523,211305.0,6.0,201412.0
181,97.2182026561,211305.0,7.0,201501.0
182,96.6950091216,211305.0,8.0,201502.0
183,96.6357883827,211305.0,9.0,201503.0
184,94.512649102,211305.0,10.0,201504.0
185,97.0174597459,211305.0,11.0,201505.0
186,95.5870346192,211305.0,12.0,201506.0
187,96.0557146969,211305.0,13.0,201507.0
188,95.3023374556,211305.0,14.0,201508.0
189,96.6783099902,211305.0,15.0,201509.0
190,95.5197895681,211305.0,16.0,201510.0
191,93.5748424919,211305.0,17.0,201511.0
192,93.0172761204,211305.0,18.0,201512.0
193,93.8415157658,211305.0,19.0,201601.0
194,93.3840738085,211305.0,20.0,201602.0
195,92.5419036175,211305.0,21.0,201603.0
196,87.8786190479,211305.0,22.0,201604.0
197,92.021655951,211305.0,23.0,201605.0
198,93.5820755679,211305.0,24.0,201606.0
199,91.3490095535,211305.0,25.0,201607.0
200,92.9604157457,211305.0,26.0,201608.0
201,93.2267707453,211305.0,27.0,201610.0
202,92.949795458,211305.0,28.0,201611.0
203,100.0,211501.0,0.0,201406.0
204,99.4037118043,211501.0,1.0,201407.0
205,98.6832251037,211501.0,2.0,201408.0
206,98.8477305452,211501.0,3.0,201409.0
207,94.62262209,211501.0,4.0,201410.0
208,96.3106595943,211501.0,5.0,201411.0
209,95.1729380063,211501.0,6.0,201412.0
210,95.4472002074,211501.0,7.0,201501.0
211,93.7677608793,211501.0,8.0,201502.0
212,95.9514419242,211501.0,9.0,201503.0
213,94.8405765478,211501.0,10.0,201504.0
214,94.7709864655,211501.0,11.0,201505.0
215,95.022602305,211501.0,12.0,201506.0
216,94.1498362007,211501.0,13.0,201507.0
217,93.7446947869,211501.0,14.0,201508.0
218,91.9993130014,211501.0,15.0,201509.0
219,91.8884525398,211501.0,16.0,201510.0
220,89.5725918266,211501.0,17.0,201511.0
221,88.0134397739,211501.0,18.0,201512.0
222,87.2437844735,211501.0,19.0,201601.0
223,87.7539731119,211501.0,20.0,201602.0
224,89.4769862816,211501.0,21.0,201603.0
225,91.3563372743,211501.0,22.0,201604.0
226,91.5222900852,211501.0,23.0,201605.0
227,84.5609175346,211501.0,24.0,201606.0
228,87.5406524184,211501.0,25.0,201607.0
229,87.8359293636,211501.0,26.0,201608.0
230,84.7089270454,211501.0,27.0,201610.0
231,85.2708949702,211501.0,28.0,201611.0
232,100.0,211709.0,0.0,201406.0
233,99.4956835003,211709.0,1.0,201407.0
234,99.3460891842,211709.0,2.0,201408.0
235,97.8405217724,211709.0,3.0,201409.0
236,97.9114463674,211709.0,4.0,201410.0
237,98.0533668201,211709.0,5.0,201411.0
238,97.796493642,211709.0,6.0,201412.0
239,97.7377678485,211709.0,7.0,201501.0
240,97.4850905928,211709.0,8.0,201502.0
241,96.754388076,211709.0,9.0,201503.0
242,96.7983130803,211709.0,10.0,201504.0
243,96.7360818183,211709.0,11.0,201505.0
244,96.6048108965,211709.0,12.0,201506.0
245,96.2678924593,211709.0,13.0,201507.0
246,95.5562454502,211709.0,14.0,201508.0
247,95.6877443905,211709.0,15.0,201509.0
248,96.0090700014,211709.0,16.0,201510.0
249,95.8429028117,211709.0,17.0,201511.0
250,96.4044100339,211709.0,18.0,201512.0
251,95.1720868618,211709.0,19.0,201601.0
252,96.281706512,211709.0,20.0,201602.0
253,94.7266196193,211709.0,21.0,201603.0
254,94.8594742884,211709.0,22.0,201604.0
255,92.9287176887,211709.0,23.0,201605.0
256,93.3778892673,211709.0,24.0,201606.0
257,95.7335766044,211709.0,25.0,201607.0
258,95.5498071099,211709.0,26.0,201608.0
259,95.606317418,211709.0,27.0,201610.0
260,94.331587724,211709.0,28.0,201611.0
261,100.0,211710.0,0.0,201406.0
262,99.4485772118,211710.0,1.0,201407.0
263,99.2749174242,211710.0,2.0,201408.0
264,98.0277706303,211710.0,3.0,201409.0
265,98.1778871195,211710.0,4.0,201410.0
266,98.0894420638,211710.0,5.0,201411.0
267,97.0022007369,211710.0,6.0,201412.0
268,96.6089274287,211710.0,7.0,201501.0
269,95.474807982,211710.0,8.0,201502.0
270,95.3112475514,211710.0,9.0,201503.0
271,95.3266322078,211710.0,10.0,201504.0
272,95.2275259777,211710.0,11.0,201505.0
273,94.8167608224,211710.0,12.0,201506.0
274,94.7814796154,211710.0,13.0,201507.0
275,94.359652653,211710.0,14.0,201508.0
276,94.7593410004,211710.0,15.0,201509.0
277,94.0376030902,211710.0,16.0,201510.0
278,95.7003383191,211710.0,17.0,201511.0
279,95.59077595,211710.0,18.0,201512.0
280,95.4934924832,211710.0,19.0,201601.0
281,95.4065333064,211710.0,20.0,201602.0
282,95.3283377547,211710.0,21.0,201603.0
283,93.9724641024,211710.0,22.0,201604.0
284,93.4889103602,211710.0,23.0,201605.0
285,86.6155753735,211710.0,24.0,201606.0
286,86.1613116566,211710.0,25.0,201607.0
287,86.5967458728,211710.0,26.0,201608.0
288,93.4256957153,211710.0,27.0,201610.0
289,92.2312946849,211710.0,28.0,201611.0
290,100.0,211807.0,0.0,201406.0
291,102.048358962,211807.0,1.0,201407.0
292,98.5312011474,211807.0,2.0,201408.0
293,95.9765076974,211807.0,3.0,201409.0
294,96.7902986134,211807.0,4.0,201410.0
295,99.7657829449,211807.0,5.0,201411.0
296,100.459527588,211807.0,6.0,201412.0
297,80.0032028164,211807.0,7.0,201501.0
298,98.7188918208,211807.0,8.0,201502.0
299,97.8582736925,211807.0,9.0,201503.0
300,98.2046450475,211807.0,10.0,201504.0
301,98.5072978184,211807.0,11.0,201505.0
302,98.3308734567,211807.0,12.0,201506.0
303,98.5597397032,211807.0,13.0,201507.0
304,96.7566781285,211807.0,14.0,201508.0
305,94.1688940704,211807.0,15.0,201509.0
306,91.8518501783,211807.0,16.0,201510.0
307,91.9979798875,211807.0,17.0,201511.0
308,94.3223270712,211807.0,18.0,201512.0
309,88.850976522,211807.0,19.0,201601.0
310,92.9317283061,211807.0,20.0,201602.0
311,91.9153377577,211807.0,21.0,201603.0
312,89.3928644863,211807.0,22.0,201604.0
313,87.5115634281,211807.0,23.0,201605.0
314,92.0226934905,211807.0,24.0,201606.0
315,91.6731427042,211807.0,25.0,201607.0
316,94.7161580692,211807.0,26.0,201608.0
317,89.4771960539,211807.0,27.0,201610.0
318,89.3818214589,211807.0,28.0,201611.0
319,100.0,211814.0,0.0,201406.0
320,100.081274397,211814.0,1.0,201407.0
321,101.361536107,211814.0,2.0,201408.0
322,100.21232755,211814.0,3.0,201409.0
323,100.383497773,211814.0,4.0,201410.0
324,101.090906984,211814.0,5.0,201411.0
325,101.169903708,211814.0,6.0,201412.0
326,100.828058193,211814.0,7.0,201501.0
327,100.382646624,211814.0,8.0,201502.0
328,100.409288016,211814.0,9.0,201503.0
329,100.542749876,211814.0,10.0,201504.0
330,100.430837872,211814.0,11.0,201505.0
331,100.822555265,211814.0,12.0,201506.0
332,98.8963368537,211814.0,13.0,201507.0
333,98.0220481161,211814.0,14.0,201508.0
334,96.4299836162,211814.0,15.0,201509.0
335,95.8166874615,211814.0,16.0,201510.0
336,98.0718192219,211814.0,17.0,201511.0
337,98.8305149951,211814.0,18.0,201512.0
338,97.4370948365,211814.0,19.0,201601.0
339,99.0986110471,211814.0,20.0,201602.0
340,98.113559735,211814.0,21.0,201603.0
341,95.4356105134,211814.0,22.0,201604.0
342,91.2460833831,211814.0,23.0,201605.0
343,89.6564612709,211814.0,24.0,201606.0
344,90.1583094089,211814.0,25.0,201607.0
345,90.1376112324,211814.0,26.0,201608.0
346,87.3303164511,211814.0,27.0,201610.0
347,88.7740501706,211814.0,28.0,201611.0
348,100.0,211901.0,0.0,201406.0
349,101.523334337,211901.0,1.0,201407.0
350,100.04248386,211901.0,2.0,201408.0
351,99.4858863709,211901.0,3.0,201409.0
352,100.512633194,211901.0,4.0,201410.0
353,99.9533946048,211901.0,5.0,201411.0
354,95.3521529094,211901.0,6.0,201412.0
355,99.7516430631,211901.0,7.0,201501.0
356,100.258118527,211901.0,8.0,201502.0
357,99.0557273802,211901.0,9.0,201503.0
358,101.284001972,211901.0,10.0,201504.0
359,98.3594039216,211901.0,11.0,201505.0
360,99.2952871259,211901.0,12.0,201506.0
361,98.6150118299,211901.0,13.0,201507.0
362,96.5720832178,211901.0,14.0,201508.0
363,97.1347484773,211901.0,15.0,201509.0
364,95.7940758244,211901.0,16.0,201510.0
365,95.5776203461,211901.0,17.0,201511.0
366,97.41480787,211901.0,18.0,201512.0
367,95.3557412034,211901.0,19.0,201601.0
368,100.282081762,211901.0,20.0,201602.0
369,99.1487150825,211901.0,21.0,201603.0
370,100.538742071,211901.0,22.0,201604.0
371,101.133258133,211901.0,23.0,201605.0
372,99.9739245817,211901.0,24.0,201606.0
373,100.299825774,211901.0,25.0,201607.0
374,99.7726288326,211901.0,26.0,201608.0
375,98.6893672769,211901.0,27.0,201610.0
376,98.8827691339,211901.0,28.0,201611.0
377,100.0,212006.0,0.0,201406.0
378,99.4194351349,212006.0,1.0,201407.0
379,99.8838521434,212006.0,2.0,201408.0
380,97.3794397584,212006.0,3.0,201409.0
381,95.5263395298,212006.0,4.0,201410.0
382,97.9228771949,212006.0,5.0,201411.0
383,98.8891168209,212006.0,6.0,201412.0
384,96.0813067848,212006.0,7.0,201501.0
385,95.7368048556,212006.0,8.0,201502.0
386,93.2291241376,212006.0,9.0,201503.0
387,93.9974811459,212006.0,10.0,201504.0
388,91.6815160979,212006.0,11.0,201505.0
389,94.356370076,212006.0,12.0,201506.0
390,95.2196119907,212006.0,13.0,201507.0
391,91.4284315642,212006.0,14.0,201508.0
392,91.4859200356,212006.0,15.0,201509.0
393,91.6535240343,212006.0,16.0,201510.0
394,92.2967112466,212006.0,17.0,201511.0
395,90.047543065,212006.0,18.0,201512.0
396,92.8490260452,212006.0,19.0,201601.0
397,90.8155871393,212006.0,20.0,201602.0
398,90.4143999094,212006.0,21.0,201603.0
399,93.7615865998,212006.0,22.0,201604.0
400,89.8765740872,212006.0,23.0,201605.0
401,93.485941886,212006.0,24.0,201606.0
402,88.4041138511,212006.0,25.0,201607.0
403,90.1832562714,212006.0,26.0,201608.0
404,87.4126241734,212006.0,27.0,201610.0
405,86.5634381344,212006.0,28.0,201611.0
406,100.0,212011.0,0.0,201406.0
407,100.933353289,212011.0,1.0,201407.0
408,99.8373695279,212011.0,2.0,201408.0
409,99.0039759022,212011.0,3.0,201409.0
410,97.6429351549,212011.0,4.0,201410.0
411,96.3358921715,212011.0,5.0,201411.0
412,95.1543659378,212011.0,6.0,201412.0
413,90.6118295149,212011.0,7.0,201501.0
414,90.8132798412,212011.0,8.0,201502.0
415,94.9494763879,212011.0,9.0,201503.0
416,97.6801994712,212011.0,10.0,201504.0
417,99.9475830906,212011.0,11.0,201505.0
418,95.8123791076,212011.0,12.0,201506.0
419,96.0862339223,212011.0,13.0,201507.0
420,97.6463649701,212011.0,14.0,201508.0
421,92.4667542376,212011.0,15.0,201509.0
422,98.557367571,212011.0,16.0,201510.0
423,97.6697044313,212011.0,17.0,201511.0
424,95.7390810089,212011.0,18.0,201512.0
425,95.7069943452,212011.0,19.0,201601.0
426,97.4451975674,212011.0,20.0,201602.0
427,94.6679183947,212011.0,21.0,201603.0
428,92.5672122718,212011.0,22.0,201604.0
429,95.2596651387,212011.0,23.0,201605.0
430,87.8278985626,212011.0,24.0,201606.0
431,91.0002076493,212011.0,25.0,201607.0
432,88.8501346029,212011.0,26.0,201608.0
433,88.5082579381,212011.0,27.0,201610.0
434,86.7127666053,212011.0,28.0,201611.0
435,100.0,212016.0,0.0,201406.0
436,98.5819727751,212016.0,1.0,201407.0
437,98.7203628956,212016.0,2.0,201408.0
438,97.7699146291,212016.0,3.0,201409.0
439,96.1319046909,212016.0,4.0,201410.0
440,96.3413343286,212016.0,5.0,201411.0
441,96.7730957343,212016.0,6.0,201412.0
442,96.3016187308,212016.0,7.0,201501.0
443,96.4593145999,212016.0,8.0,201502.0
444,94.4584012187,212016.0,9.0,201503.0
445,96.1958705104,212016.0,10.0,201504.0
446,94.9550602537,212016.0,11.0,201505.0
447,95.6448459699,212016.0,12.0,201506.0
448,96.7058461683,212016.0,13.0,201507.0
449,95.4381671901,212016.0,14.0,201508.0
450,91.8732206891,212016.0,15.0,201509.0
451,92.9501374108,212016.0,16.0,201510.0
452,94.7626900625,212016.0,17.0,201511.0
453,97.1318048073,212016.0,18.0,201512.0
454,94.5839131983,212016.0,19.0,201601.0
455,91.9475644878,212016.0,20.0,201602.0
456,90.5057431662,212016.0,21.0,201603.0
457,90.4138749236,212016.0,22.0,201604.0
458,92.7074772451,212016.0,23.0,201605.0
459,93.6740518756,212016.0,24.0,201606.0
460,93.3538213928,212016.0,25.0,201607.0
461,88.5897149931,212016.0,26.0,201608.0
462,85.170149439,212016.0,27.0,201610.0
463,85.1365790724,212016.0,28.0,201611.0
464,100.0,212017.0,0.0,201406.0
465,98.9028944259,212017.0,1.0,201407.0
466,94.4492200226,212017.0,2.0,201408.0
467,96.7513752892,212017.0,3.0,201409.0
468,92.5816100073,212017.0,4.0,201410.0
469,93.2573729247,212017.0,5.0,201411.0
470,95.6186322459,212017.0,6.0,201412.0
471,96.424872475,212017.0,7.0,201501.0
472,94.7309700743,212017.0,8.0,201502.0
473,92.2050474305,212017.0,9.0,201503.0
474,91.7393764,212017.0,10.0,201504.0
475,91.9143423706,212017.0,11.0,201505.0
476,90.2413060571,212017.0,12.0,201506.0
477,92.8978009979,212017.0,13.0,201507.0
478,92.1219198516,212017.0,14.0,201508.0
479,90.1715043278,212017.0,15.0,201509.0
480,85.7604054834,212017.0,16.0,201510.0
481,90.6575208501,212017.0,17.0,201511.0
482,85.2749716129,212017.0,18.0,201512.0
483,86.1521434142,212017.0,19.0,201601.0
484,85.9777108164,212017.0,20.0,201602.0
485,88.7275967613,212017.0,21.0,201603.0
486,86.8743653426,212017.0,22.0,201604.0
487,85.0540648976,212017.0,23.0,201605.0
488,84.755389129,212017.0,24.0,201606.0
489,89.0707217602,212017.0,25.0,201607.0
490,92.2202015523,212017.0,26.0,201608.0
491,85.0877872136,212017.0,27.0,201610.0
492,82.0579060827,212017.0,28.0,201611.0
493,100.0,212319.0,0.0,201406.0
494,100.0,212319.0,1.0,201407.0
495,98.0668086134,212319.0,2.0,201408.0
496,97.2328321372,212319.0,3.0,201409.0
497,98.1466070479,212319.0,4.0,201410.0
498,96.9314541453,212319.0,5.0,201411.0
499,91.3522414776,212319.0,6.0,201412.0
500,87.1375077156,212319.0,7.0,201501.0
501,84.2465692753,212319.0,8.0,201502.0
502,82.1414834876,212319.0,9.0,201503.0
503,84.281632479,212319.0,10.0,201504.0
504,85.3728604575,212319.0,11.0,201505.0
505,85.996365352,212319.0,12.0,201506.0
506,88.6698762054,212319.0,13.0,201507.0
507,84.5454627045,212319.0,14.0,201508.0
508,88.8784766136,212319.0,15.0,201509.0
509,88.0463000057,212319.0,16.0,201510.0
510,88.8784766136,212319.0,17.0,201511.0
511,87.6446611111,212319.0,18.0,201512.0
512,86.7703282293,212319.0,19.0,201601.0
513,88.8784766136,212319.0,20.0,201602.0
514,85.6358833776,212319.0,21.0,201603.0
515,77.0932253231,212319.0,22.0,201604.0
516,,212319.0,23.0,201605.0
517,,212319.0,24.0,201606.0
518,,212319.0,25.0,201607.0
519,,212319.0,26.0,201608.0
520,,212319.0,27.0,201610.0
521,,212319.0,28.0,201611.0
522,100.0,212360.0,0.0,201406.0
523,97.4282880189,212360.0,1.0,201407.0
524,97.7312558102,212360.0,2.0,201408.0
525,98.2929275091,212360.0,3.0,201409.0
526,97.5794101381,212360.0,4.0,201410.0
527,94.3184131304,212360.0,5.0,201411.0
528,93.4090388099,212360.0,6.0,201412.0
529,92.9086288454,212360.0,7.0,201501.0
530,94.8277543114,212360.0,8.0,201502.0
531,94.6656660542,212360.0,9.0,201503.0
532,95.0138684994,212360.0,10.0,201504.0
533,95.4866155419,212360.0,11.0,201505.0
534,97.226681449,212360.0,12.0,201506.0
535,97.9778636644,212360.0,13.0,201507.0
536,97.7953929847,212360.0,14.0,201508.0
537,94.9950119151,212360.0,15.0,201509.0
538,96.6713673103,212360.0,16.0,201510.0
539,93.9822567519,212360.0,17.0,201511.0
540,93.742793497,212360.0,18.0,201512.0
541,94.5972105499,212360.0,19.0,201601.0
542,95.8740881759,212360.0,20.0,201602.0
543,91.6196154621,212360.0,21.0,201603.0
544,93.5560278261,212360.0,22.0,201604.0
545,91.2523587563,212360.0,23.0,201605.0
546,93.2450502134,212360.0,24.0,201606.0
547,93.3463702004,212360.0,25.0,201607.0
548,93.2767802119,212360.0,26.0,201608.0
549,88.7255718208,212360.0,27.0,201610.0
550,88.9513391034,212360.0,28.0,201611.0
551,100.0,212515.0,0.0,201406.0
552,100.342537246,212515.0,1.0,201407.0
553,101.240475215,212515.0,2.0,201408.0
554,101.405342609,212515.0,3.0,201409.0
555,100.614048246,212515.0,4.0,201410.0
556,98.0194303356,212515.0,5.0,201411.0
557,97.1119020735,212515.0,6.0,201412.0
558,91.9134930021,212515.0,7.0,201501.0
559,97.9744326634,212515.0,8.0,201502.0
560,97.7009960166,212515.0,9.0,201503.0
561,96.079488739,212515.0,10.0,201504.0
562,94.9681182328,212515.0,11.0,201505.0
563,95.0714738153,212515.0,12.0,201506.0
564,95.3197685752,212515.0,13.0,201507.0
565,94.1530113849,212515.0,14.0,201508.0
566,95.4819168601,212515.0,15.0,201509.0
567,95.5035486301,212515.0,16.0,201510.0
568,94.6574650238,212515.0,17.0,201511.0
569,94.1891719927,212515.0,18.0,201512.0
570,94.8446087771,212515.0,19.0,201601.0
571,95.27653515,212515.0,20.0,201602.0
572,94.2051430526,212515.0,21.0,201603.0
573,91.4226998067,212515.0,22.0,201604.0
574,90.4414024372,212515.0,23.0,201605.0
575,91.7920814497,212515.0,24.0,201606.0
576,92.7134868885,212515.0,25.0,201607.0
577,93.8516230554,212515.0,26.0,201608.0
578,92.7785988446,212515.0,27.0,201610.0
579,91.9963851381,212515.0,28.0,201611.0
580,100.0,212519.0,0.0,201406.0
581,100.804288007,212519.0,1.0,201407.0
582,100.714376198,212519.0,2.0,201408.0
583,98.9499193934,212519.0,3.0,201409.0
584,100.655528088,212519.0,4.0,201410.0
585,102.254076025,212519.0,5.0,201411.0
586,101.143234139,212519.0,6.0,201412.0
587,101.334232219,212519.0,7.0,201501.0
588,97.7520517597,212519.0,8.0,201502.0
589,96.8025189988,212519.0,9.0,201503.0
590,96.7968044512,212519.0,10.0,201504.0
591,97.3954064535,212519.0,11.0,201505.0
592,96.9562518533,212519.0,12.0,201506.0
593,97.8559272144,212519.0,13.0,201507.0
594,97.1849661172,212519.0,14.0,201508.0
595,96.7170632611,212519.0,15.0,201509.0
596,96.6571615405,212519.0,16.0,201510.0
597,94.3596531434,212519.0,17.0,201511.0
598,93.711511876,212519.0,18.0,201512.0
599,93.8404237467,212519.0,19.0,201601.0
600,93.2921002634,212519.0,20.0,201602.0
601,91.1320235186,212519.0,21.0,201603.0
602,86.9750249324,212519.0,22.0,201604.0
603,86.8588592655,212519.0,23.0,201605.0
604,86.9058878688,212519.0,24.0,201606.0
605,89.6776043202,212519.0,25.0,201607.0
606,88.5222684622,212519.0,26.0,201608.0
607,87.3605930231,212519.0,27.0,201610.0
608,87.3911599766,212519.0,28.0,201611.0
609,100.0,212717.0,0.0,201406.0
610,101.277341763,212717.0,1.0,201407.0
611,100.999949986,212717.0,2.0,201408.0
612,98.4754109447,212717.0,3.0,201409.0
613,98.4144798851,212717.0,4.0,201410.0
614,97.8828816432,212717.0,5.0,201411.0
615,98.7902402942,212717.0,6.0,201412.0
616,98.8766845791,212717.0,7.0,201501.0
617,98.7888927108,212717.0,8.0,201502.0
618,99.2287097854,212717.0,9.0,201503.0
619,101.013310821,212717.0,10.0,201504.0
620,102.640985581,212717.0,11.0,201505.0
621,102.613707552,212717.0,12.0,201506.0
622,102.985800454,212717.0,13.0,201507.0
623,102.133804463,212717.0,14.0,201508.0
624,101.0451256,212717.0,15.0,201509.0
625,96.5364235827,212717.0,16.0,201510.0
626,97.0167802395,212717.0,17.0,201511.0
627,96.9335416268,212717.0,18.0,201512.0
628,97.8859732627,212717.0,19.0,201601.0
629,98.3347595285,212717.0,20.0,201602.0
630,98.3427080486,212717.0,21.0,201603.0
631,97.6668646882,212717.0,22.0,201604.0
632,101.638098388,212717.0,23.0,201605.0
633,101.981691933,212717.0,24.0,201606.0
634,102.567602908,212717.0,25.0,201607.0
635,101.847770282,212717.0,26.0,201608.0
636,101.413765947,212717.0,27.0,201610.0
637,101.382096809,212717.0,28.0,201611.0
638,100.0,212719.0,0.0,201406.0
639,108.868014181,212719.0,1.0,201407.0
640,108.868014181,212719.0,2.0,201408.0
641,108.868014181,212719.0,3.0,201409.0
642,101.371681805,212719.0,4.0,201410.0
643,100.405901796,212719.0,5.0,201411.0
644,100.024186819,212719.0,6.0,201412.0
645,99.7705167165,212719.0,7.0,201501.0
646,95.6319593314,212719.0,8.0,201502.0
647,95.340725755,212719.0,9.0,201503.0
648,95.6879636256,212719.0,10.0,201504.0
649,95.9666642604,212719.0,11.0,201505.0
650,96.1952957219,212719.0,12.0,201506.0
651,96.3721513889,212719.0,13.0,201507.0
652,96.1553663823,212719.0,14.0,201508.0
653,96.2901765034,212719.0,15.0,201509.0
654,96.1971734649,212719.0,16.0,201510.0
655,96.5914562132,212719.0,17.0,201511.0
656,96.7033732188,212719.0,18.0,201512.0
657,96.802963859,212719.0,19.0,201601.0
658,96.8871811584,212719.0,20.0,201602.0
659,97.2658770399,212719.0,21.0,201603.0
660,97.2274301757,212719.0,22.0,201604.0
661,97.2609862,212719.0,23.0,201605.0
662,99.8473025261,212719.0,24.0,201606.0
663,99.8536602631,212719.0,25.0,201607.0
664,99.8595097388,212719.0,26.0,201608.0
665,97.5931119671,212719.0,27.0,201610.0
666,97.6638719157,212719.0,28.0,201611.0
667,100.0,212720.0,0.0,201406.0
668,96.7229991032,212720.0,1.0,201407.0
669,94.4865746445,212720.0,2.0,201408.0
670,102.456133746,212720.0,3.0,201409.0
671,121.043645187,212720.0,4.0,201410.0
672,149.54942905,212720.0,5.0,201411.0
673,161.660297517,212720.0,6.0,201412.0
674,146.197437008,212720.0,7.0,201501.0
675,125.672690182,212720.0,8.0,201502.0
676,124.393772669,212720.0,9.0,201503.0
677,117.835287766,212720.0,10.0,201504.0
678,114.132138064,212720.0,11.0,201505.0
679,109.65781497,212720.0,12.0,201506.0
680,98.8633492919,212720.0,13.0,201507.0
681,101.905303379,212720.0,14.0,201508.0
682,107.949791435,212720.0,15.0,201509.0
683,116.336984281,212720.0,16.0,201510.0
684,153.11118707,212720.0,17.0,201511.0
685,157.871353966,212720.0,18.0,201512.0
686,131.550855069,212720.0,19.0,201601.0
687,118.702046146,212720.0,20.0,201602.0
688,121.75093701,212720.0,21.0,201603.0
689,115.252245458,212720.0,22.0,201604.0
690,107.718242621,212720.0,23.0,201605.0
691,105.747002275,212720.0,24.0,201606.0
692,102.950262751,212720.0,25.0,201607.0
693,102.243871567,212720.0,26.0,201608.0
694,131.709014404,212720.0,27.0,201610.0
695,135.644950213,212720.0,28.0,201611.0
696,100.0,212722.0,0.0,201406.0
697,97.2997134012,212722.0,1.0,201407.0
698,94.9507309468,212722.0,2.0,201408.0
699,93.5342949361,212722.0,3.0,201409.0
700,95.6906179637,212722.0,4.0,201410.0
701,100.419628671,212722.0,5.0,201411.0
702,107.257939619,212722.0,6.0,201412.0
703,100.092518079,212722.0,7.0,201501.0
704,95.2867768473,212722.0,8.0,201502.0
705,94.9895666064,212722.0,9.0,201503.0
706,96.5527826505,212722.0,10.0,201504.0
707,97.878734034,212722.0,11.0,201505.0
708,100.036949722,212722.0,12.0,201506.0
709,96.0381341939,212722.0,13.0,201507.0
710,93.5736011191,212722.0,14.0,201508.0
711,91.1243161777,212722.0,15.0,201509.0
712,94.5875021044,212722.0,16.0,201510.0
713,96.2007979397,212722.0,17.0,201511.0
714,96.5897258363,212722.0,18.0,201512.0
715,94.4831377595,212722.0,19.0,201601.0
716,90.6048815468,212722.0,20.0,201602.0
717,89.9992014687,212722.0,21.0,201603.0
718,91.6579003209,212722.0,22.0,201604.0
719,95.7261194693,212722.0,23.0,201605.0
720,99.298829398,212722.0,24.0,201606.0
721,90.7536589619,212722.0,25.0,201607.0
722,86.3268701691,212722.0,26.0,201608.0
723,86.806900134,212722.0,27.0,201610.0
724,87.0292187308,212722.0,28.0,201611.0
725,100.0,310207.0,0.0,201406.0
726,100.227569806,310207.0,1.0,201407.0
727,99.8581563901,310207.0,2.0,201408.0
728,100.260818424,310207.0,3.0,201409.0
729,99.6939297125,310207.0,4.0,201410.0
730,98.309322428,310207.0,5.0,201411.0
731,97.5623712645,310207.0,6.0,201412.0
732,96.9380718746,310207.0,7.0,201501.0
733,98.1659250034,310207.0,8.0,201502.0
734,93.7307235575,310207.0,9.0,201503.0
735,91.4763008208,310207.0,10.0,201504.0
736,96.4029204781,310207.0,11.0,201505.0
737,96.5596191357,310207.0,12.0,201506.0
738,95.8455199185,310207.0,13.0,201507.0
739,97.2876669204,310207.0,14.0,201508.0
740,94.841969845,310207.0,15.0,201509.0
741,94.5116317127,310207.0,16.0,201510.0
742,93.7459078568,310207.0,17.0,201511.0
743,93.1846815214,310207.0,18.0,201512.0
744,91.5855422317,310207.0,19.0,201601.0
745,91.600515423,310207.0,20.0,201602.0
746,88.9085946508,310207.0,21.0,201603.0
747,90.6396134297,310207.0,22.0,201604.0
748,90.026063849,310207.0,23.0,201605.0
749,91.0243351152,310207.0,24.0,201606.0
750,90.7714947539,310207.0,25.0,201607.0
751,90.4463688829,310207.0,26.0,201608.0
752,90.4680395297,310207.0,27.0,201610.0
753,90.9643114706,310207.0,28.0,201611.0
754,100.0,310215.0,0.0,201406.0
755,99.6490691006,310215.0,1.0,201407.0
756,100.100702538,310215.0,2.0,201408.0
757,100.392643787,310215.0,3.0,201409.0
758,98.8290271082,310215.0,4.0,201410.0
759,97.1319437881,310215.0,5.0,201411.0
760,96.2120945671,310215.0,6.0,201412.0
761,95.3773301284,310215.0,7.0,201501.0
762,96.7802057092,310215.0,8.0,201502.0
763,95.3871905188,310215.0,9.0,201503.0
764,94.2345418873,310215.0,10.0,201504.0
765,95.9815111066,310215.0,11.0,201505.0
766,95.6142611061,310215.0,12.0,201506.0
767,94.976015265,310215.0,13.0,201507.0
768,94.6160092933,310215.0,14.0,201508.0
769,94.0732465644,310215.0,15.0,201509.0
770,94.1267817843,310215.0,16.0,201510.0
771,92.4980207435,310215.0,17.0,201511.0
772,91.5056379997,310215.0,18.0,201512.0
773,94.0224941641,310215.0,19.0,201601.0
774,94.0778386699,310215.0,20.0,201602.0
775,95.2024890628,310215.0,21.0,201603.0
776,96.1206854406,310215.0,22.0,201604.0
777,96.3455956189,310215.0,23.0,201605.0
778,91.745726641,310215.0,24.0,201606.0
779,92.8405379739,310215.0,25.0,201607.0
780,94.5543946793,310215.0,26.0,201608.0
781,94.3322358044,310215.0,27.0,201610.0
782,94.6932307333,310215.0,28.0,201611.0
783,100.0,310218.0,0.0,201406.0
784,100.743476998,310218.0,1.0,201407.0
785,100.200576319,310218.0,2.0,201408.0
786,99.8112496273,310218.0,3.0,201409.0
787,99.4422004551,310218.0,4.0,201410.0
788,98.9605956008,310218.0,5.0,201411.0
789,97.2536985586,310218.0,6.0,201412.0
790,96.244946405,310218.0,7.0,201501.0
791,97.7576991551,310218.0,8.0,201502.0
792,96.5977995755,310218.0,9.0,201503.0
793,95.4425584315,310218.0,10.0,201504.0
794,97.9659277674,310218.0,11.0,201505.0
795,97.4525679814,310218.0,12.0,201506.0
796,97.2474706413,310218.0,13.0,201507.0
797,95.2191838516,310218.0,14.0,201508.0
798,96.1773826972,310218.0,15.0,201509.0
799,95.4570036518,310218.0,16.0,201510.0
800,95.8884501818,310218.0,17.0,201511.0
801,94.5043194807,310218.0,18.0,201512.0
802,95.3759896278,310218.0,19.0,201601.0
803,95.5809162636,310218.0,20.0,201602.0
804,92.678450647,310218.0,21.0,201603.0
805,92.6320582046,310218.0,22.0,201604.0
806,92.7109524002,310218.0,23.0,201605.0
807,90.7096861362,310218.0,24.0,201606.0
808,90.8184149175,310218.0,25.0,201607.0
809,90.1293847752,310218.0,26.0,201608.0
810,90.7121276455,310218.0,27.0,201610.0
811,90.7825338043,310218.0,28.0,201611.0
812,100.0,310401.0,0.0,201406.0
813,103.204342366,310401.0,1.0,201407.0
814,103.401090677,310401.0,2.0,201408.0
815,100.729521909,310401.0,3.0,201409.0
816,101.400851467,310401.0,4.0,201410.0
817,99.3810597037,310401.0,5.0,201411.0
818,96.3195185832,310401.0,6.0,201412.0
819,102.441039822,310401.0,7.0,201501.0
820,102.988731457,310401.0,8.0,201502.0
821,102.658720927,310401.0,9.0,201503.0
822,102.05070299,310401.0,10.0,201504.0
823,101.277664383,310401.0,11.0,201505.0
824,98.9276056629,310401.0,12.0,201506.0
825,102.063243749,310401.0,13.0,201507.0
826,102.14743035,310401.0,14.0,201508.0
827,100.251401456,310401.0,15.0,201509.0
828,100.812678277,310401.0,16.0,201510.0
829,96.6541024081,310401.0,17.0,201511.0
830,92.0343564693,310401.0,18.0,201512.0
831,100.144713078,310401.0,19.0,201601.0
832,99.4084026458,310401.0,20.0,201602.0
833,97.7782964598,310401.0,21.0,201603.0
834,100.204766724,310401.0,22.0,201604.0
835,99.0863229554,310401.0,23.0,201605.0
836,95.6992459485,310401.0,24.0,201606.0
837,101.641424155,310401.0,25.0,201607.0
838,99.9246065076,310401.0,26.0,201608.0
839,99.6483939737,310401.0,27.0,201610.0
840,99.0068643731,310401.0,28.0,201611.0
841,100.0,310403.0,0.0,201406.0
842,99.7806170052,310403.0,1.0,201407.0
843,99.0318819641,310403.0,2.0,201408.0
844,98.1920876926,310403.0,3.0,201409.0
845,99.5072209203,310403.0,4.0,201410.0
846,95.69438084,310403.0,5.0,201411.0
847,94.635431029,310403.0,6.0,201412.0
848,99.5622680691,310403.0,7.0,201501.0
849,98.9471420075,310403.0,8.0,201502.0
850,98.6960339064,310403.0,9.0,201503.0
851,96.8558619915,310403.0,10.0,201504.0
852,98.4461039789,310403.0,11.0,201505.0
853,99.0013830217,310403.0,12.0,201506.0
854,98.6743482671,310403.0,13.0,201507.0
855,98.1652380175,310403.0,14.0,201508.0
856,97.562774844,310403.0,15.0,201509.0
857,97.1923255705,310403.0,16.0,201510.0
858,93.6225420196,310403.0,17.0,201511.0
859,89.3806764334,310403.0,18.0,201512.0
860,98.0072518922,310403.0,19.0,201601.0
861,97.257290395,310403.0,20.0,201602.0
862,96.8951375254,310403.0,21.0,201603.0
863,93.2681838414,310403.0,22.0,201604.0
864,95.1428415082,310403.0,23.0,201605.0
865,95.1623783568,310403.0,24.0,201606.0
866,96.1178873754,310403.0,25.0,201607.0
867,93.1418867751,310403.0,26.0,201608.0
868,95.1622704681,310403.0,27.0,201610.0
869,93.9904057665,310403.0,28.0,201611.0
870,100.0,310405.0,0.0,201406.0
871,101.715598094,310405.0,1.0,201407.0
872,101.594885141,310405.0,2.0,201408.0
873,100.875179926,310405.0,3.0,201409.0
874,101.437011282,310405.0,4.0,201410.0
875,100.046673475,310405.0,5.0,201411.0
876,97.6501020441,310405.0,6.0,201412.0
877,101.331938327,310405.0,7.0,201501.0
878,101.568595149,310405.0,8.0,201502.0
879,101.976357097,310405.0,9.0,201503.0
880,101.080170911,310405.0,10.0,201504.0
881,102.155599273,310405.0,11.0,201505.0
882,101.66226253,310405.0,12.0,201506.0
883,101.998264165,310405.0,13.0,201507.0
884,100.913644918,310405.0,14.0,201508.0
885,101.431934624,310405.0,15.0,201509.0
886,101.406190019,310405.0,16.0,201510.0
887,99.2714154253,310405.0,17.0,201511.0
888,97.3233107397,310405.0,18.0,201512.0
889,100.512960027,310405.0,19.0,201601.0
890,100.542022496,310405.0,20.0,201602.0
891,100.414949679,310405.0,21.0,201603.0
892,100.623175566,310405.0,22.0,201604.0
893,101.094144272,310405.0,23.0,201605.0
894,99.689022801,310405.0,24.0,201606.0
895,98.7132510045,310405.0,25.0,201607.0
896,97.0407400928,310405.0,26.0,201608.0
897,100.76615859,310405.0,27.0,201610.0
898,99.7219381136,310405.0,28.0,201611.0
899,100.0,310419.0,0.0,201406.0
900,100.144820188,310419.0,1.0,201407.0
901,100.186835885,310419.0,2.0,201408.0
902,98.5854120589,310419.0,3.0,201409.0
903,99.723597624,310419.0,4.0,201410.0
904,98.9699394605,310419.0,5.0,201411.0
905,98.0505307888,310419.0,6.0,201412.0
906,99.3604641746,310419.0,7.0,201501.0
907,98.4835727834,310419.0,8.0,201502.0
908,98.7563445182,310419.0,9.0,201503.0
909,97.0870813428,310419.0,10.0,201504.0
910,96.7496377482,310419.0,11.0,201505.0
911,95.8669480334,310419.0,12.0,201506.0
912,96.2070022549,310419.0,13.0,201507.0
913,95.657489518,310419.0,14.0,201508.0
914,92.0635318957,310419.0,15.0,201509.0
915,91.2372445439,310419.0,16.0,201510.0
916,91.1403658798,310419.0,17.0,201511.0
917,87.2929295087,310419.0,18.0,201512.0
918,89.1570234487,310419.0,19.0,201601.0
919,87.8327242389,310419.0,20.0,201602.0
920,87.291318315,310419.0,21.0,201603.0
921,86.198227474,310419.0,22.0,201604.0
922,86.1702305137,310419.0,23.0,201605.0
923,86.8383811638,310419.0,24.0,201606.0
924,86.0909059986,310419.0,25.0,201607.0
925,86.4455292065,310419.0,26.0,201608.0
926,89.1859134883,310419.0,27.0,201610.0
927,89.1151103793,310419.0,28.0,201611.0
928,100.0,310421.0,0.0,201406.0
929,100.03925156,310421.0,1.0,201407.0
930,99.8527674823,310421.0,2.0,201408.0
931,98.1412921349,310421.0,3.0,201409.0
932,99.3308343949,310421.0,4.0,201410.0
933,98.7945517647,310421.0,5.0,201411.0
934,96.8237809833,310421.0,6.0,201412.0
935,99.0166710645,310421.0,7.0,201501.0
936,98.2021348231,310421.0,8.0,201502.0
937,98.6579905806,310421.0,9.0,201503.0
938,97.074216914,310421.0,10.0,201504.0
939,97.5221996967,310421.0,11.0,201505.0
940,97.4932901973,310421.0,12.0,201506.0
941,96.1316735032,310421.0,13.0,201507.0
942,95.9783364486,310421.0,14.0,201508.0
943,93.2664627639,310421.0,15.0,201509.0
944,92.0737041782,310421.0,16.0,201510.0
945,91.1860873334,310421.0,17.0,201511.0
946,85.2150188576,310421.0,18.0,201512.0
947,88.7024806441,310421.0,19.0,201601.0
948,87.5253977893,310421.0,20.0,201602.0
949,86.1412722815,310421.0,21.0,201603.0
950,85.9895384226,310421.0,22.0,201604.0
951,85.6813892167,310421.0,23.0,201605.0
952,85.816388969,310421.0,24.0,201606.0
953,85.351589906,310421.0,25.0,201607.0
954,86.167286557,310421.0,26.0,201608.0
955,88.4412571226,310421.0,27.0,201610.0
956,88.3421078714,310421.0,28.0,201611.0
957,100.0,310427.0,0.0,201406.0
958,99.9716565595,310427.0,1.0,201407.0
959,100.869046397,310427.0,2.0,201408.0
960,100.902266571,310427.0,3.0,201409.0
961,101.280373805,310427.0,4.0,201410.0
962,97.9481136387,310427.0,5.0,201411.0
963,96.8130486728,310427.0,6.0,201412.0
964,101.59700752,310427.0,7.0,201501.0
965,101.431104019,310427.0,8.0,201502.0
966,100.287617178,310427.0,9.0,201503.0
967,99.0292307099,310427.0,10.0,201504.0
968,100.213232495,310427.0,11.0,201505.0
969,99.8929058976,310427.0,12.0,201506.0
970,99.3359709009,310427.0,13.0,201507.0
971,98.4825604276,310427.0,14.0,201508.0
972,98.720085654,310427.0,15.0,201509.0
973,100.244757505,310427.0,16.0,201510.0
974,96.8436209387,310427.0,17.0,201511.0
975,92.8022925748,310427.0,18.0,201512.0
976,100.030276703,310427.0,19.0,201601.0
977,98.0803942919,310427.0,20.0,201602.0
978,97.668486688,310427.0,21.0,201603.0
979,96.6292232143,310427.0,22.0,201604.0
980,95.475362448,310427.0,23.0,201605.0
981,97.0152373772,310427.0,24.0,201606.0
982,97.6855860636,310427.0,25.0,201607.0
983,95.201887301,310427.0,26.0,201608.0
984,95.2334732135,310427.0,27.0,201610.0
985,96.1701231461,310427.0,28.0,201611.0
